Название;Режиссёр;Страна производства;Жанр;Год выхода;Место в рейтинге;Средняя оценка пользователей сайта;Количество отзывов
Властелин колец 3: Возвращение Короля;Питер Джексон;США, Новая Зеландия;боевик, приключения, фэнтези;2003;1;9.43;3
Терминатор 2: Судный день;Джеймс Кэмерон;США;боевик, триллер, фантастика;1991;2;9.4;3
Побег из Шоушенка;Фрэнк Дарабонт;США;драма;1994;3;9.38;4
Форрест Гамп;Роберт Земекис;США;драма, комедия, мелодрама;1994;4;9.37;1
Властелин колец 2: Две крепости;Питер Джексон;США, Новая Зеландия;боевик, приключения, фэнтези;2002;5;9.36;1
Властелин колец: Братство кольца;Питер Джексон;США, Новая Зеландия;боевик, приключения, фэнтези;2001;6;9.29;4
Они сражались за Родину;Сергей Бондарчук;СССР;военный, драма, исторический;1975;7;9.2;1
Список Шиндлера;Стивен Спилберг;США;биографический, военный, драма, исторический;1993;8;9.17;6
Титаник;Джеймс Кэмерон;США;драма, исторический, мелодрама;1997;9;9.14;2
Зеленая миля;Фрэнк Дарабонт;США;драма, криминал, фэнтези;1999;10;9.13;2
Крестный отец;Френсис Форд Коппола;США;драма, триллер;1972;11;9.12;0
12 разгневанных мужчин;Сидни Люмет;США;детектив, драма;1957;12;9.12;0
Шерлок Холмс и доктор Ватсон: Охота на тигра;Игорь Масленников;СССР;детектив, криминал;1980;13;9.12;0
Назад в будущее;Роберт Земекис;США;боевик, комедия, приключения, фантастика;1985;14;9.11;2
Шерлок Холмс и доктор Ватсон: Собака Баскервилей;Игорь Масленников;СССР;детектив, криминал, приключения;1981;15;9.11;0
Шерлок Холмс и доктор Ватсон: Знакомство;Игорь Масленников;СССР;детектив, криминал, приключения;1979;16;9.11;0
Матрица;Лана Вачовски, Лилли Вачовски;США;боевик, приключения, триллер, фантастика;1999;17;9.1;1
Иван Васильевич меняет профессию;Леонид Гайдай;СССР;комедия, приключения, семейный, фантастика;1973;18;9.1;1
Кавказская пленница, или новые приключения Шурика;Леонид Гайдай;СССР;комедия, мелодрама, музыка, приключения, семейный;1966;19;9.1;0
Темный рыцарь;Кристофер Нолан;США;боевик, драма, кинокомикс, криминал, триллер;2008;20;9.08;5
Гладиатор;Ридли Скотт;США, Великобритания;боевик, драма, исторический, приключения;2000;21;9.08;3
Храброе сердце;Мел Гибсон;США;биографический, боевик, военный, драма, исторический;1995;22;9.06;2
Пролетая над гнездом кукушки;Милош Форман;США;драма;1975;23;9.06;0
Бриллиантовая рука;Леонид Гайдай;СССР;комедия, криминал, приключения, семейный;1968;24;9.05;0
Молчание ягнят;Джонатан Демме;США;детектив, драма, криминал, триллер;1991;25;9.05;2
Джентльмены удачи;Александр Серый;СССР;детектив, драма, комедия, криминал;1971;26;9.03;1
Аватар;Джеймс Кэмерон;США;боевик, драма, приключения, фантастика;2009;27;9.01;6
Назад в будущее 2;Роберт Земекис;США;боевик, комедия, приключения, семейный, триллер, фантастика;1989;28;9.01;1
"В бой идут одни ""старики""";Леонид Быков;СССР;военный, драма, комедия;1973;29;9.01;0
Пираты Карибского моря: Проклятие Черной жемчужины;Гор Вербински;США;боевик, драма, комедия, мелодрама, приключения, семейный, фэнтези;2003;30;9.0;2
Шерлок Холмс и доктор Ватсон: Кровавая надпись;Игорь Масленников;СССР;детектив, криминал;1979;31;9.0;0
1+1;Оливье Накаш, Эрик Толедано;Франция;драма, комедия;2011;32;8.99;0
Шерлок Холмс и доктор Ватсон: Король шантажа;Игорь Масленников;СССР;детектив, криминал;1980;33;8.97;0
Начало;Кристофер Нолан;США, Великобритания;боевик, триллер, фантастика;2010;34;8.96;4
Терминатор;Джеймс Кэмерон;США;боевик, триллер, фантастика;1984;35;8.96;1
День сурка;Харольд Рэмис;США;комедия, мелодрама, фэнтези;1993;36;8.95;2
Заплати другому;Мими Ледер;США;драма, мелодрама;2000;37;8.95;0
Собака на сене;Ян Фрид;СССР;комедия, мюзикл;1977;38;8.95;1
Чужие;Джеймс Кэмерон;США;боевик, триллер, ужасы, фантастика;1986;39;8.94;0
Леон;Люк Бессон;Франция;боевик, драма, криминал, триллер;1994;40;8.94;0
Хороший, плохой, злой;Серджио Леоне;Италия, Испания, Германия (ФРГ), США;боевик, вестерн, приключения;1966;41;8.94;0
Бен-Гур;Уильям Уайлер;США;боевик, драма, исторический, мелодрама, приключения;1959;42;8.94;0
Римские каникулы;Уильям Уайлер;США;драма, комедия, мелодрама;1953;43;8.94;0
Мстители 3: Война бесконечности;Энтони Руссо, Джо Руссо;США;боевик, кинокомикс, приключения, фантастика;2018;44;8.92;6
Блеф;Серджио Корбуччи;Италия;комедия, криминал;1976;45;8.92;0
Мимино;Георгий Данелия;СССР;комедия;1977;46;8.92;0
Ребенок Розмари;Роман Полански;США;детектив, драма, мистика, триллер, ужасы;1968;47;8.92;0
Крестный отец 2;Френсис Форд Коппола;США;драма, криминал;1974;48;8.91;0
Криминальное чтиво;Квентин Тарантино;США;драма, криминал;1994;49;8.9;1
Переговорщик;Ф. Гэри Грей;Германия, США;боевик, детектив, драма, криминал, триллер;1998;50;8.9;0
Десять негритят;Станислав Говорухин;СССР;детектив, криминал;1987;51;8.9;0
"Операция ""Ы"" и другие приключения Шурика";Леонид Гайдай;СССР;приключения;1965;52;8.89;0
Унесенные ветром;Виктор Флеминг, Джордж Кьюкор, Сэм Вуд;США;военный, драма, мелодрама;1939;53;8.89;1
Отпетые мошенники;Фрэнк Оз;США;комедия, криминал;1988;54;8.89;0
Жестокий романс;Эльдар Рязанов;СССР;драма, исторический, мелодрама;1984;55;8.88;0
Назад в будущее 3;Роберт Земекис;США;боевик, вестерн, комедия, приключения, семейный, фантастика;1990;56;8.87;1
Пес Барбос и необычный кросс;Леонид Гайдай;СССР;комедия, короткометражный;1961;57;8.87;0
Экипаж;Александр Митта;СССР;драма, мелодрама, триллер;1979;58;8.87;0
Один дома;Крис Коламбус;США;детский, комедия, криминал, семейный;1990;59;8.86;1
Парк Юрского периода;Стивен Спилберг;США;боевик, приключения, фантастика;1993;60;8.86;1
Москва слезам не верит;Владимир Меньшов;СССР;драма, комедия, мелодрама;1979;61;8.86;1
Укрощение строптивого;Франко Кастеллано, Джузеппе Моччиа;Италия;комедия;1980;62;8.86;0
Тот самый Мюнхгаузен;Марк Захаров;СССР;комедия, фэнтези;1979;63;8.86;0
Семь;Дэвид Финчер;CША;детектив, драма, криминал, триллер;1995;64;8.85;1
А зори здесь тихие;Станислав Ростоцкий;СССР;военный, драма, исторический;1972;65;8.85;0
Свой среди чужих, чужой среди своих;Никита Михалков;СССР;боевик, драма;1974;66;8.85;0
Меня зовут Кхан;Каран Джохар;Индия;драма, мелодрама;2010;67;8.84;3
На несколько долларов больше;Серджио Леоне;Италия, Испания, Германия (ФРГ);боевик, вестерн, криминал, приключения;1965;68;8.84;0
Спасти рядового Райана;Стивен Спилберг;США;боевик, военный, драма;1998;69;8.83;1
Индиана Джонс и последний крестовый поход;Стивен Спилберг;США;боевик, приключения, триллер;1989;70;8.83;0
Взвод;Оливер Стоун;Великобритания, США;боевик, военный, драма;1986;71;8.83;0
Пираты Карибского моря 2: Сундук мертвеца;Гор Вербински;США;боевик, драма, комедия, мелодрама, приключения, семейный, фэнтези;2006;72;8.82;0
Чужой;Ридли Скотт;США;триллер, ужасы, фантастика;1979;73;8.82;1
Звездные войны: Эпизод 5 - Империя наносит ответный удар;Ирвин Кершнер;США;боевик, приключения, фантастика, фэнтези;1980;74;8.82;2
Гран Торино;Клинт Иствуд;США;боевик, драма, триллер;2008;75;8.82;1
Профессионал;Жорж Лотнер;Франция;боевик, драма, криминал, триллер;1981;76;8.82;1
Бешеный бык;Мартин Скорсезе;США;биографический, драма, спорт;1980;77;8.82;0
Путь Карлито;Брайан Де Пальма;США;драма, криминал, триллер;1993;78;8.82;1
Хищник;Джон МакТирнан;США;боевик, приключения, триллер, ужасы, фантастика;1987;79;8.81;2
Общество мертвых поэтов;Питер Уир;США;драма;1989;80;8.81;0
Бойцовский клуб;Дэвид Финчер;Германия, США;драма, криминал, триллер;1999;81;8.8;0
Изгой;Роберт Земекис;США;драма, приключения;2000;82;8.8;0
Казино;Мартин Скорсезе;США, Франция;драма, исторический, криминал, триллер;1995;83;8.8;0
Жизнь прекрасна;Роберто Бениньи;Италия;военный, драма, комедия, мелодрама;1997;84;8.8;0
Невероятные приключения итальянцев в России;Эльдар Рязанов, Франко Проспери;СССР, Италия;комедия, приключения;1973;85;8.8;0
Берегись автомобиля;Эльдар Рязанов;СССР;комедия, криминал, мелодрама;1966;86;8.8;0
Завтрак у Тиффани;Блейк Эдвардс;США;драма, комедия, мелодрама;1961;87;8.8;0
Смертельное оружие;Ричард Доннер;США;боевик, криминал, триллер;1987;88;8.79;0
Лоуренс Аравийский;Дэвид Лин;Великобритания;биографический, военный, драма, приключения;1962;89;8.79;1
Покровские ворота;Михаил Козаков;СССР;драма, комедия, мелодрама, мюзикл;1982;90;8.79;0
Индиана Джонс: В поисках утраченного ковчега;Стивен Спилберг;США;боевик, приключения, триллер;1981;91;8.78;0
Малышка на миллион;Клинт Иствуд;США;драма, спорт;2004;92;8.78;0
Однажды в Америке;Серджио Леоне;США, Италия;драма, криминал;1984;93;8.78;0
Пианист;Роман Полански;Германия, Франция, Великобритания, Польша;биографический, военный, драма, музыка;2002;94;8.77;0
Человек с бульвара Капуцинов;Алла Сурикова;СССР;вестерн, комедия, мелодрама, мюзикл;1987;95;8.77;0
Рокки;Джон Г. Эвилдсен;США;боевик, спорт;1976;96;8.76;2
Апокалипсис сегодня;Френсис Форд Коппола;США;военный, драма;1979;97;8.76;0
Девчата;Юрий Чулюкин;СССР;комедия, мелодрама;1961;98;8.76;0
Одержимость;Дэмьен Шазелл;США;драма, музыка;2014;99;8.76;2
Самогонщики;Леонид Гайдай;СССР;комедия, короткометражный;1961;100;8.76;0
Невезучие;Франсис Вебер;Франция, Мексика;комедия, криминал, приключения;1981;101;8.76;0
Окно во двор;Альфред Хичкок;США;детектив, криминал, триллер;1954;102;8.76;0
Отступники;Мартин Скорсезе;США;драма, криминал, триллер;2006;103;8.75;2
Вечное сияние чистого разума;Мишель Гондри;США;драма, мелодрама;2004;104;8.75;2
Остров проклятых;Мартин Скорсезе;США;детектив, драма, триллер;2010;105;8.74;1
Престиж;Кристофер Нолан;США, Великобритания;детектив, драма, триллер, фантастика, фэнтези;2006;106;8.74;2
Игрушка;Франсис Вебер;Франция;комедия;1976;107;8.74;0
Поймай меня, если сможешь;Стивен Спилберг;США;биографический, драма, криминал;2002;108;8.73;1
Крепкий орешек;Джон МакТирнан;США;боевик, криминал, триллер;1988;109;8.73;5
Рэмбо: Первая кровь;Тед Котчефф;США;боевик, драма, приключения, триллер;1982;110;8.73;2
Звездные войны: Эпизод 3 - Месть Ситхов;Джордж Лукас;США;боевик, приключения, фантастика, фэнтези;2005;111;8.72;1
Нечто;Джон Карпентер;США;детектив, триллер, ужасы, фантастика;1982;112;8.72;0
Три билборда на границе Эббинга, Миссури;Мартин МакДона;США;криминал;2017;113;8.72;2
Гарри Поттер и узник Азкабана;Альфонсо Куарон;США, Великобритания;приключения, семейный, фэнтези;2004;114;8.71;1
В джазе только девушки;Билли Уайлдер;США;комедия, криминал, мелодрама, музыка, приключения;1959;115;8.71;0
Собачье сердце;Владимир Бортко;СССР;драма, комедия, фантастика;1988;116;8.71;0
Несколько хороших парней;Роб Рейнер;США;детектив, драма, криминал, триллер;1992;117;8.71;1
Гарри Поттер и философский камень;Крис Коламбус;США, Великобритания;приключения, семейный, фэнтези;2001;118;8.7;4
Игры разума;Рон Ховард;США;биографический, драма;2001;119;8.7;1
Звездные войны: Эпизод 4 - Новая надежда;Джордж Лукас;США;боевик, приключения, фантастика, фэнтези;1977;120;8.7;1
Хатико: Самый верный друг;Лассе Халльстрем;США;драма, семейный;2009;121;8.7;1
Джуманджи;Джо Джонстон;США;комедия, мелодрама, приключения, семейный, триллер, фэнтези;1995;122;8.7;0
Полосатый рейс;Владимир Фетин;СССР;комедия, приключения, семейный;1961;123;8.7;0
Как украсть миллион;Уильям Уайлер;США;комедия, криминал, мелодрама;1966;124;8.7;0
Перелом;Грегори Хоблит;США, Германия;детектив, драма, криминал, триллер;2007;125;8.7;1
Грань будущего;Даг Лайман;США;боевик, фантастика;2014;126;8.69;3
Шоу Трумана;Питер Уир;США;драма, фантастика;1998;127;8.69;0
Доспехи Бога;Джеки Чан, Эрик Цан;Югославия, Гонконг;боевик, комедия, приключения;1986;128;8.69;0
Не может быть!;Леонид Гайдай;СССР;комедия, мелодрама, мюзикл;1975;129;8.69;0
Нечего терять;Стив Одекерк;США;боевик, комедия, криминал, приключения;1997;130;8.69;0
Мстители;Джосс Уидон;США;боевик, кинокомикс, приключения, фантастика;2012;131;8.68;7
Гарри Поттер и тайная комната;Крис Коламбус;Германия, США, Великобритания;приключения, семейный, фэнтези;2002;132;8.68;2
Сердце ангела;Алан Паркер;США, Канада, Великобритания;детектив, триллер, ужасы;1987;133;8.68;1
Поменяться местами;Джон Лэндис;США;комедия;1983;134;8.68;0
Достать ножи;Райан Джонсон;США;детектив, драма, комедия, криминал, триллер;2019;135;8.67;0
Славные парни;Мартин Скорсезе;США;биографический, драма, криминал;1990;136;8.67;0
Нокдаун;Рон Ховард;США;биографический, драма, спорт;2005;137;8.67;0
Охотник на оленей;Майкл Чимино;США, Великобритания;военный, драма, триллер;1978;138;8.67;0
Обыкновенное чудо;Марк Захаров;СССР;комедия, мелодрама, мюзикл, фэнтези;1978;139;8.67;1
Обратная тяга;Рон Ховард;США;боевик, детектив, драма, криминал, триллер;1991;140;8.67;0
Тутси;Сидни Поллак;США;драма, комедия, мелодрама;1982;141;8.67;0
Чародеи;Константин Бромберг;СССР;комедия, мелодрама, мюзикл, фантастика;1982;142;8.67;0
Война;Алексей Балабанов;Россия;боевик, военный, драма;2002;143;8.67;0
Мальчик в полосатой пижаме;Марк Херман;США, Великобритания;драма;2008;144;8.67;1
Железный человек;Джон Фавро;США;боевик, кинокомикс, приключения, триллер, фантастика;2008;145;8.66;2
Привидение;Джерри Цукер;США;детектив, драма, комедия, мелодрама, триллер, фэнтези;1990;146;8.66;1
Карты, деньги и два ствола;Гай Ричи;Великобритания;криминал, триллер;1998;147;8.66;0
Казино Рояль;Мартин Кэмпбелл;Германия, США, Великобритания, Чехия;боевик, приключения, триллер;2006;148;8.66;1
Пираты Карибского моря 3: На краю Света;Гор Вербински;США;боевик, драма, комедия, приключения, семейный, фэнтези;2007;149;8.65;0
Стражи Галактики;Джеймс Ганн;США;боевик, кинокомикс, приключения, фантастика;2014;150;8.65;6
Банды Нью-Йорка;Мартин Скорсезе;США;драма, криминал;2002;151;8.65;0
Большой куш;Гай Ричи;США, Великобритания;криминал, триллер;2000;152;8.65;0
21 грамм;Алехандро Гонсалес Иньярриту;США;драма, криминал, триллер;2003;153;8.65;0
Интуиция;Питер Челсом;США;комедия, мелодрама, фэнтези;2001;154;8.65;0
Интерстеллар;Кристофер Нолан;США;детектив, приключения, фантастика;2014;155;8.64;6
Достучаться до небес;Томас Ян;Германия, Бельгия;боевик, драма, комедия, криминал;1997;156;8.64;2
Игра;Дэвид Финчер;США;боевик, детектив, приключения, триллер;1997;157;8.64;1
Служебный роман;Эльдар Рязанов;СССР;комедия, мелодрама;1977;158;8.64;0
За пригоршню долларов;Серджио Леоне, Монте Хеллман;Италия, Испания, Германия (ФРГ);боевик, вестерн;1964;159;8.64;0
Ип Ман;Уилсон Ип;Гонконг, Китай;биографический, боевик, драма, исторический;2008;160;8.63;0
Эд Вуд;Тим Бертон;США;биографический, драма, комедия;1994;161;8.63;0
Пятый элемент;Люк Бессон;Франция;боевик, мелодрама, приключения, триллер, фантастика;1997;162;8.62;1
Кинг Конг;Питер Джексон;Германия, США, Новая Зеландия;драма, мелодрама, приключения;2005;163;8.62;1
Пила: Игра на выживание;Джеймс Ван;США, Австралия;детектив, триллер, ужасы;2004;164;8.62;2
Американская история Х;Тони Кэй;США;драма, криминал;1998;165;8.62;2
Любовь и голуби;Владимир Меньшов;СССР;комедия, мелодрама;1984;166;8.62;1
Лучше не бывает;Джеймс Л. Брукс;США;драма, комедия, мелодрама;1997;167;8.62;0
Маска;Чак Рассел;США;боевик, кинокомикс, комедия, криминал, фэнтези;1994;168;8.61;2
Один дома 2: Затерянный в Нью-Йорке;Крис Коламбус;США;детский, комедия, криминал, приключения, семейный;1992;169;8.61;0
Робокоп;Пол Верховен;США;боевик, драма, криминал, триллер, фантастика;1987;170;8.61;2
Люди в черном;Барри Зонненфельд;США;боевик, кинокомикс, комедия, фантастика;1997;171;8.6;0
Кто я?;Джеки Чан, Бенни Чан;Гонконг;боевик, комедия, приключения, триллер;1998;172;8.6;1
Морозко;Александр Роу;СССР;детский, комедия, мелодрама, семейный, фэнтези;1964;173;8.6;0
Беглец;Эндрю Дэвис;США;боевик, драма, криминал, триллер;1993;174;8.59;0
Девушка с татуировкой дракона;Нильс Арден Оплев;Германия, Дания, Швеция, Норвегия;детектив, драма, криминал, триллер;2009;175;8.59;0
Привет, Джули!;Роб Рейнер;США;драма, комедия, мелодрама;2010;176;8.59;0
Покидая Лас-Вегас;Майк Фиггис;США, Франция, Великобритания;драма, мелодрама;1995;177;8.59;0
Час пик;Бретт Рэтнер;США;боевик, комедия, криминал, триллер;1998;178;8.58;0
Цельнометаллическая оболочка;Стэнли Кубрик;США, Великобритания;боевик, военный, драма;1987;179;8.58;1
Гараж;Эльдар Рязанов;СССР;драма, комедия;1979;180;8.58;0
На грани;Ли Тамахори;США;драма, приключения, триллер;1997;181;8.58;1
Торсо;Серджо Мартино;Италия;детектив, триллер, ужасы;1973;182;8.58;0
Хоббит: Нежданное путешествие;Питер Джексон;США, Новая Зеландия;приключения, семейный, фэнтези;2012;183;8.57;8
Реквием по мечте;Даррен Аронофски;США;драма;2000;184;8.57;1
Правдивая ложь;Джеймс Кэмерон;США;боевик, комедия, мелодрама, приключения, триллер;1994;185;8.57;0
Лабиринт Фавна;Гильермо Дель Торо;США, Испания, Мексика;детектив, драма, триллер, фэнтези;2006;186;8.57;0
Танцующий с волками;Кевин Костнер;США;вестерн, драма, приключения;1990;187;8.57;0
Непрощенный;Клинт Иствуд;США;вестерн, драма;1992;188;8.57;1
Дневник памяти;Ник Кассаветис;США;драма, мелодрама;2004;189;8.57;0
Голый пистолет;Дэвид Цукер;США;боевик, комедия, криминал, мелодрама;1988;190;8.57;0
Бешеные псы;Квентин Тарантино;США;драма, криминал, триллер;1992;191;8.56;0
Доспехи бога 2: Операция Кондор;Джеки Чан;Гонконг;боевик, комедия, криминал, приключения, триллер;1991;192;8.56;0
Секреты Лос-Анджелеса;Кертис Хэнсон;США;детектив, драма, криминал, триллер;1997;193;8.56;0
Охота;Томас Винтерберг;Дания;драма;2012;194;8.56;2
Индиана Джонс и Храм Судьбы;Стивен Спилберг;США;боевик, приключения;1984;195;8.55;0
Страсти Христовы;Мел Гибсон;США;драма;2004;196;8.55;0
Судья;Дэвид Добкин;США;драма;2014;197;8.55;2
Тренировочный день;Антуан Фукуа;США, Австралия;драма, криминал, триллер;2001;198;8.55;0
Остров;Павел Лунгин;Россия;драма;2006;199;8.55;0
Горячие головы 2;Джим Абрахамс;США;боевик, военный, комедия;1993;200;8.55;0
Мумия;Стивен Соммерс;США;боевик, комедия, приключения, триллер, ужасы, фэнтези;1999;201;8.54;1
Человек дождя;Барри Левинсон;США;драма;1988;202;8.54;0
Психо;Альфред Хичкок;США;детектив, триллер, ужасы;1960;203;8.54;1
Таинственная река;Клинт Иствуд;США;детектив, драма, криминал, триллер;2003;204;8.54;0
Жизнь Дэвида Гейла;Алан Паркер;США, Германия;драма, криминал, триллер;2003;205;8.54;1
Радиоволна;Грегори Хоблит;США;драма, криминал, триллер, фантастика;2000;206;8.54;0
Джанго освобожденный;Квентин Тарантино;США;вестерн, драма, кинокомикс;2012;207;8.53;6
Адвокат дьявола;Тейлор Хекфорд;США, Германия;детектив, драма, триллер;1997;208;8.53;1
Ирония судьбы, или С легким паром!;Эльдар Рязанов;СССР;драма, комедия, мелодрама, семейный;1975;209;8.53;0
Искусственный разум;Стивен Спилберг;США;драма, приключения, фантастика;2001;210;8.53;1
Вспомнить все;Пол Верховен;США;боевик, приключения, триллер, фантастика;1990;211;8.53;1
Белое солнце пустыни;Владимир Мотыль;СССР;боевик, военный, драма, комедия, мелодрама, приключения;1969;212;8.53;0
Грязные танцы;Эмиль Ардолино;США;драма, мелодрама, музыка;1987;213;8.53;0
Военный ныряльщик;Джордж Тиллман мл.;США;биографический, драма;2000;214;8.53;1
Малена;Джузеппе Торнаторе;США, Италия;военный, драма, мелодрама, эротика;2000;215;8.53;0
Джерри Магуайер;Кэмерон Кроу;США;комедия, мелодрама, спорт;1996;216;8.53;0
Живая мертвечина;Питер Джексон;Новая Зеландия;комедия, триллер, ужасы, фэнтези;1992;217;8.53;0
Последний самурай;Эдвард Цвик;США;боевик, военный, драма, приключения;2003;218;8.52;1
Охотники за привидениями;Айван Рейтман;США;боевик, комедия, фантастика;1984;219;8.52;0
Скорость;Ян де Бонт;США;боевик, драма, мелодрама, триллер;1994;220;8.52;0
Кровавый алмаз;Эдвард Цвик;США, Германия;драма, приключения, триллер;2006;221;8.52;0
Крупная рыба;Тим Бертон;США;драма, комедия, приключения, фэнтези;2003;222;8.52;1
Пила;Джеймс Ван;Австралия;короткометражный, криминал, триллер, ужасы;2003;223;8.52;0
Амадей;Милош Форман;США;биографический, драма, музыка;1984;224;8.52;0
Пес-призрак: Путь самурая;Джим Джармуш;США, Германия, Франция, Япония;драма, криминал, триллер;1999;225;8.52;0
Аэроплан;Джим Абрахамс, Джерри Цукер, Дэвид Цукер;США;комедия, мелодрама;1980;226;8.52;0
Район №9;Нил Бломкэмп;ЮАР, США, Новая Зеландия, Канада;боевик, триллер, фантастика;2009;227;8.51;1
Добро пожаловать, или посторонним вход воспрещен;Элем Климов;СССР;комедия, семейный;1964;228;8.51;0
Китайский квартал;Роман Полански;США;детектив, драма, криминал, триллер;1974;229;8.51;0
Расплата;Брайан Хелгеленд;США;боевик, драма, криминал, триллер;1999;230;8.51;1
Август;Джон Уэллс;США;драма, комедия;2013;231;8.51;0
Лицо со шрамом;Брайан Де Пальма;США;боевик, драма, криминал;1983;232;8.5;0
Белый плен;Фрэнк Маршалл;США;драма, мелодрама, приключения, семейный;2006;233;8.5;0
Мэверик;Ричард Доннер;США;вестерн, комедия, приключения;1994;234;8.5;0
Английский пациент;Энтони Мингелла;США, Великобритания;военный, драма, мелодрама;1996;235;8.5;0
Фантомас;Андре Юнебель;Франция, Италия;комедия, криминал, приключения, фэнтези;1964;236;8.5;0
72 метра;Владимир Хотиненко;Россия;боевик, драма, триллер;2004;237;8.5;0
Первый мститель 2: Другая война;Энтони Руссо, Джо Руссо;США;боевик, кинокомикс, приключения, фантастика;2014;238;8.49;6
Звездные войны: Эпизод 6 - Возвращение Джедая;Ричард Маркуэнд;США;боевик, приключения, фантастика, фэнтези;1983;239;8.49;0
По соображениям совести;Мел Гибсон;США, Австралия;биографический, военный, драма, мелодрама;2016;240;8.49;0
"Падение ""Черного ястреба""";Ридли Скотт;США;боевик, военный, драма, исторический;2001;241;8.49;0
Умница Уилл Хантинг;Гас Ван Сент;США;драма;1997;242;8.49;1
Стрингер;Дэн Гилрой;США;драма, криминал;2014;243;8.49;0
Двухсотлетний человек;Крис Коламбус;Германия, США;драма, мелодрама, фантастика;1999;244;8.49;0
Талантливый мистер Рипли;Энтони Мингелла;США;детектив, драма, криминал, мелодрама, триллер;1999;245;8.49;0
Отпуск по обмену;Нэнси Майерс;США;комедия, мелодрама;2006;246;8.49;0
Искупление;Джо Райт;Франция, Великобритания;военный, детектив, драма, мелодрама;2007;247;8.49;0
Смертельное оружие 2;Ричард Доннер;США;боевик, криминал, триллер;1989;248;8.48;0
Невозможное;Х.А. Байона;Испания;боевик, драма, триллер;2012;249;8.48;0
Легенды осени;Эдвард Цвик;США;вестерн, военный, драма, мелодрама;1994;250;8.48;0
Фарго;Джоэл Коэн, Итан Коэн;США;драма, криминал, триллер;1996;251;8.48;0
Мемуары гейши;Роб Маршалл;США;биографический, военный, драма, мелодрама;2005;252;8.48;0
С меня хватит!;Джоэл Шумахер;США, Франция, Великобритания;драма, триллер;1993;253;8.48;0
Выстрел в пустоту;Рик Роман Во;США;драма, криминал, триллер;2017;254;8.48;0
Идеальное убийство;Эндрю Дэвис;США;драма, мелодрама, триллер;1998;255;8.48;0
Слова;Брайан Клагман, Ли Стернтал;США;драма, мелодрама;2012;256;8.48;0
Миссия невыполнима 6: Последствия;Кристофер МакКуорри;США;боевик, приключения, триллер;2018;257;8.47;2
Помни;Кристофер Нолан;США;детектив, триллер;2000;258;8.47;2
Артист;Мишель Хазанавичус;Франция;драма, комедия, мелодрама;2011;259;8.47;0
Она;Спайк Джонз;США;драма, комедия, мелодрама, фантастика;2013;260;8.47;2
Пока не сыграл в ящик;Роб Рейнер;США;драма, комедия, приключения;2007;261;8.47;2
Мизери;Роб Рейнер;США, Канада;драма, триллер;1990;262;8.47;1
Полицейский из Беверли-Хиллз;Мартин Брест;США;боевик, драма, комедия, криминал, триллер;1984;263;8.47;1
Охотники за разумом;Ренни Харлин;США, Финляндия, Великобритания, Нидерланды;детектив, драма, триллер;2004;264;8.47;0
Семьянин;Бретт Рэтнер;США;драма, комедия, мелодрама, фэнтези;2000;265;8.47;0
В диких условиях;Шон Пенн;США;биографический, драма, приключения;2007;266;8.47;1
К-9: Собачья работа;Род Дэниэл;США;боевик, комедия, криминал;1989;267;8.47;0
Люди Икс: Дни минувшего будущего;Брайан Сингер;США;боевик, кинокомикс, фантастика;2014;268;8.46;5
Логан;Джеймс Мэнголд;США;боевик, драма, кинокомикс, триллер, фантастика;2017;269;8.46;2
Загадочная история Бенджамина Баттона;Дэвид Финчер;США;детектив, драма, мелодрама, фэнтези;2008;270;8.46;0
Шестое чувство;М. Найт Шьямалан;США;детектив, драма, мистика, триллер;1999;271;8.46;1
Идентификация Борна;Даг Лайман;США, Германия, Чехия;боевик, детектив, приключения, триллер;2002;272;8.46;0
Форсаж;Роб Коэн;Германия, США;боевик, драма, криминал, триллер;2001;273;8.46;2
Ford против Ferrari;Джеймс Мэнголд;США, Франция;биографический, боевик, драма, спорт;2019;274;8.46;1
Такси;Жерар Пирес;Франция;боевик, комедия, криминал;1998;275;8.46;0
Подмена;Клинт Иствуд;США;драма;2008;276;8.46;2
Апокалипсис;Мел Гибсон;США;боевик, драма, приключения;2006;277;8.45;0
Красота по-американски;Сэм Мендес;США;драма;1999;278;8.45;1
Схватка;Майкл Манн;США;боевик, драма, криминал, триллер;1995;279;8.45;0
Кровавый спорт;Ньют Арнольд;США;биографический, боевик, спорт;1988;280;8.45;0
В осаде;Эндрю Дэвис;США;боевик, драма, триллер;1992;281;8.45;0
Д`Артаньян и три мушкетера;Георгий Юнгвальд-Хилькевич;СССР;исторический, мюзикл, приключения;1979;282;8.45;0
За бортом;Гэрри Маршалл;США;комедия, мелодрама;1987;283;8.45;0
Троя;Вольфганг Петерсен;США, Великобритания, Мальта;боевик, исторический, мелодрама;2004;284;8.44;3
Я, робот;Алекс Пройас;США, Германия;боевик, детектив, триллер, фантастика;2004;285;8.44;0
Константин: Повелитель тьмы;Френсис Лоуренс;США, Германия;боевик, драма, кинокомикс, триллер, ужасы, фэнтези;2005;286;8.44;2
Одиннадцать друзей Оушена;Стивен Содерберг;США, Австралия;комедия, криминал, триллер;2001;287;8.44;0
Сияние;Стэнли Кубрик;США;мистика, триллер, ужасы;1980;288;8.44;1
Ультиматум Борна;Пол Гринграсс;США, Германия;боевик, детектив, приключения, триллер;2007;289;8.44;0
На гребне волны;Кэтрин Бигилоу;США;боевик, драма, криминал, приключения, спорт, триллер;1991;290;8.44;0
Догма;Кевин Смит;США;комедия, приключения, фэнтези;1999;291;8.44;0
Мышиная охота;Гор Вербински;США;боевик, комедия, семейный;1997;292;8.44;0
Афоня;Георгий Данелия;СССР;драма, комедия;1975;293;8.44;0
Голый пистолет 2 1/2: Запах страха;Дэвид Цукер;США;боевик, комедия, криминал;1991;294;8.44;0
Матч поинт;Вуди Аллен;США, Великобритания, Люксембург;драма, криминал, мелодрама;2005;295;8.44;0
Враг мой;Вольфганг Петерсен;США;боевик, драма, приключения, фантастика;1985;296;8.44;0
Короткое замыкание;Джон Бэдэм;США;детский, комедия, семейный, фантастика;1986;297;8.44;0
Бэтмен: начало;Кристофер Нолан;США;боевик, кинокомикс, криминал, приключения, триллер;2005;298;8.43;1
Знакомьтесь, Джо Блэк;Мартин Брест;США;детектив, драма, мелодрама, фэнтези;1998;299;8.43;1
Скала;Майкл Бэй;США;боевик, приключения, триллер;1996;300;8.43;1
Гонка;Рон Ховард;США, Германия, Великобритания;биографический, боевик, драма, спорт;2013;301;8.43;0
Пункт назначения;Джеймс Вонг;США, Канада;триллер, ужасы;2000;302;8.43;0
Трасса 60;Боб Гэйл;США, Канада;детектив, драма, комедия, приключения, фантастика, фэнтези;2002;303;8.43;1
12 стульев;Леонид Гайдай;СССР;комедия;1971;304;8.43;0
Сталкер;Андрей Тарковский;СССР, Германия (ФРГ);детектив, драма, приключения, фантастика, фэнтези;1979;305;8.43;0
Бесконечная история;Вольфганг Петерсен;Германия, США;детский, драма, приключения, семейный, фэнтези;1984;306;8.43;0
Неадекватные люди;Роман Каримов;Россия;комедия;2011;307;8.43;0
Тернер и Хуч;Роджер Споттисвуд;США;комедия, криминал, триллер;1989;308;8.43;0
День радио;Дмитрий Дьяченко;Россия;комедия;2008;309;8.43;0
Шерлок Холмс;Гай Ричи;США, Великобритания, Австралия;боевик, детектив, драма, криминал, приключения, триллер;2009;310;8.42;0
Жизнь Пи;Энг Ли;США, Китай;драма, приключения;2012;311;8.42;5
Люди Икс 2;Брайан Сингер;США;боевик, кинокомикс, приключения, триллер, фантастика;2003;312;8.42;1
Терминал;Стивен Спилберг;США;драма, комедия, мелодрама;2004;313;8.42;1
Типа крутые легавые;Эдгар Райт;Великобритания, Франция;боевик, детектив, комедия, криминал;2007;314;8.42;0
Враг государства;Тони Скотт;США;боевик, триллер;1998;315;8.42;0
Малхолланд Драйв;Дэвид Линч;США, Франция;детектив, криминал, мелодрама, триллер, фэнтези;2001;316;8.42;0
Лучшее предложение;Джузеппе Торнаторе;Италия;драма, мелодрама, триллер;2013;317;8.42;0
Кикбоксер;Марк ДиСалле, Дэвид Уорт;США;боевик, спорт;1989;318;8.42;0
Исходный код;Дункан Джонс;США, Франция;боевик, драма, триллер, фантастика;2011;319;8.41;1
Брюс Всемогущий;Том Шэдьяк;США;драма, комедия, фэнтези;2003;320;8.41;0
Большой Лебовски;Джоэл Коэн, Итан Коэн;США, Великобритания;комедия, криминал;1998;321;8.41;2
Кин-дза-дза!;Георгий Данелия;Россия;драма, комедия, фантастика;1986;322;8.41;0
Заводной апельсин;Стэнли Кубрик;США, Великобритания;драма, криминал, триллер, фантастика;1971;323;8.41;0
Олдбой;Пак Чхан-ук;Корея Южная;боевик, детектив, драма, триллер;2003;324;8.41;0
Приключения Электроника;Константин Бромберг;СССР;детский, криминал, приключения, семейный, фантастика;1979;325;8.41;0
Большой;Пенни Маршалл;США;комедия, мелодрама, семейный, фэнтези;1988;326;8.41;0
"Эдди ""Орел""";Декстер Флетчер;Великобритания, США, Германия;комедия, спорт;2016;327;8.41;0
Власть страха;Филлип Нойс;США, Канада;детектив, драма, триллер;1999;328;8.41;0
Гарри Поттер и Дары смерти: Часть 2;Дэвид Йэтс;США, Великобритания;детектив, драма, приключения, фэнтези;2011;329;8.4;4
Я - легенда;Френсис Лоуренс;США, Австралия;драма, триллер, ужасы, фантастика;2007;330;8.4;0
Первый мститель 3: Противостояние;Энтони Руссо, Джо Руссо;США;боевик, кинокомикс, триллер, фантастика;2016;331;8.4;2
Бегущий по лезвию 2049;Дени Вильнев;Великобритания, Канада, США;боевик, драма, фантастика;2017;332;8.4;4
Люди Икс;Брайан Сингер;США;боевик, кинокомикс, приключения, триллер, фантастика;2000;333;8.4;0
Рейд;Гарет Эванс;США, Индонезия;боевик, криминал, триллер;2011;334;8.4;1
Коммандо;Марк Л. Лестер;США;боевик;1985;335;8.4;0
Воин;Гэвин О`Коннор;США;боевик, драма, спорт;2011;336;8.4;1
В погоне за счастьем;Габриэле Муччино;США;биографический, драма;2006;337;8.4;0
Холодная гора;Энтони Мингелла;США;военный, драма, мелодрама;2003;338;8.4;0
Хулиганы;Лекси Александр;США, Великобритания;драма, криминал;2005;339;8.4;2
Утомленные солнцем;Никита Михалков;Россия, Франция;драма;1994;340;8.4;0
Приключения Буратино;Леонид Нечаев;СССР;детектив, комедия, мюзикл, приключения, семейный;1975;341;8.4;0
Анализируй это;Харольд Рэмис;США, Австралия;комедия, криминал;1999;342;8.4;0
Империя Солнца;Стивен Спилберг;США;боевик, военный, драма, исторический;1987;343;8.4;0
Человек-паук 2;Сэм Рейми;США;боевик, кинокомикс, криминал, триллер, фантастика;2004;344;8.39;0
Великий Гэтсби;Баз Лурман;США, Австралия;драма, мелодрама;2013;345;8.39;4
Другие;Алехандро Аменабар;США, Франция, Италия, Испания;детектив, мистика, триллер, ужасы;2001;346;8.39;0
Нефть;Пол Томас Андерсон;США;драма, триллер;2007;347;8.39;0
Ворошиловский стрелок;Станислав Говорухин;Россия;драма, криминал;1999;348;8.39;0
Гнев;Тони Скотт;США, Великобритания, Мексика;боевик, драма, криминал, приключения, триллер;2004;349;8.39;0
Поездка в Америку;Джон Лэндис;США;комедия, мелодрама;1988;350;8.39;0
Город Бога;Фернанду Мейреллис, Катя Люнд;Франция, Бразилия;драма, криминал, триллер;2002;351;8.39;0
Охотник;Дэниэл Неттхейм;Австралия;драма, приключения;2011;352;8.39;0
Миссия невыполнима 4: Протокол Фантом;Брэд Берд;США, ОАЭ;боевик, приключения, триллер;2011;353;8.38;2
Старикам тут не место;Итан Коэн, Джоэл Коэн;США;драма, криминал, триллер;2007;354;8.38;0
Эффект бабочки;Эрик Бресс, Дж. Макки Грубер;США;драма, триллер, фантастика, фэнтези;2004;355;8.38;1
Крепкий орешек 2;Ренни Харлин;США;боевик, триллер;1990;356;8.38;1
2001 год: Космическая одиссея;Стэнли Кубрик;США, Великобритания;детектив, приключения, фантастика;1968;357;8.38;0
Лжец, лжец;Том Шэдьяк;США;комедия, фэнтези;1997;358;8.38;0
Залечь на дно в Брюгге;Мартин МакДона;Великобритания, Бельгия;драма, комедия, криминал;2008;359;8.38;1
Изгоняющий дьявола;Уильям Фридкин;США;драма, триллер, ужасы;1973;360;8.38;0
Одаренная;Марк Уэбб;США;драма;2017;361;8.38;2
Монстр;Пэтти Дженкинс;Германия, США;биографический, драма, криминал, мелодрама;2003;362;8.38;1
Гарри Поттер и кубок огня;Майк Ньюэлл;США, Великобритания;приключения, семейный, фэнтези;2005;363;8.37;1
Звездный путь;Джей Джей Абрамс;США;боевик, приключения, фантастика;2009;364;8.37;0
Легенда №17;Николай Лебедев;Россия;биографический, драма, спорт;2013;365;8.37;1
Рестлер;Даррен Аронофски;США, Франция;драма, спорт;2008;366;8.37;1
Телефонная будка;Джоэл Шумахер;США;триллер;2002;367;8.37;0
Хоббит 2: Пустошь Смауга;Питер Джексон;США;приключения, семейный, фэнтези;2013;368;8.36;6
Шерлок Холмс 2: Игра теней;Гай Ричи;США;боевик, детектив, криминал, приключения, триллер;2011;369;8.36;1
Девушка с татуировкой дракона;Дэвид Финчер;США, Германия, Швеция, Великобритания;детектив, драма, криминал, триллер;2011;370;8.36;0
Бегущий по лезвию;Ридли Скотт;США, Сингапур;боевик, драма, триллер, фантастика;1982;371;8.36;0
"""V"" значит Вендетта";Джеймс МакТиг;Германия, США, Великобритания;боевик, кинокомикс, триллер, фантастика;2005;372;8.36;1
1408;Микаэль Хофстрем;США;драма, триллер, ужасы;2007;373;8.36;1
Царство небесное;Ридли Скотт;США, Великобритания, Германия, Испания;боевик, исторический, приключения;2005;374;8.36;2
Запах женщины;Мартин Брест;США;драма;1992;375;8.36;2
Лига справедливости Зака Снайдера;Зак Снайдер;США;боевик, кинокомикс, приключения, фантастика, фэнтези;2021;376;8.36;2
Ветреная река;Тейлор Шеридан;Великобритания, Канада, США;боевик, детектив, криминал, триллер;2017;377;8.36;2
Горячие головы;Джим Абрахамс;США;боевик, военный, комедия, мелодрама;1991;378;8.36;0
Охотники за головами;Мортен Тильдум;Германия, Норвегия;боевик, криминал, триллер;2011;379;8.36;1
Безумный Макс 4: Дорога ярости;Джордж Миллер;Австралия;боевик, приключения, триллер, фантастика;2015;380;8.35;4
"Отель ""Гранд Будапешт""";Уэс Андерсон;США;комедия, криминал, приключения;2014;381;8.35;0
Луна 2112;Дункан Джонс;Великобритания;триллер, фантастика;2009;382;8.35;1
Бездна;Джеймс Кэмерон;США;боевик, драма, приключения, триллер, фантастика;1989;383;8.35;1
Крепкий орешек 3;Джон МакТирнан;США;боевик, криминал, триллер;1995;384;8.35;1
Зеленая книга;Питер Фаррелли;США;биографический, драма, комедия, музыка;2018;385;8.35;2
Патриот;Роланд Эммерих;США, Германия;боевик, военный, драма, исторический;2000;386;8.35;0
Рокки 2;Сильвестр Сталлоне;США;боевик, спорт;1979;387;8.35;0
Вий;Георгий Кропачев, Константин Ершов;СССР;драма, комедия, ужасы, фэнтези;1967;388;8.35;0
Взрыв из прошлого;Хью Уилсон;США;драма, комедия, мелодрама;1999;389;8.35;0
Человек-паук;Сэм Рейми;США;боевик, кинокомикс, криминал, триллер, фантастика;2002;390;8.34;3
Город воров;Бен Аффлек;США;драма, криминал, триллер;2010;391;8.34;0
Знакомство с родителями;Джей Роач;США;комедия, мелодрама;2000;392;8.34;0
Дежа вю;Тони Скотт;США;боевик, драма, мелодрама, триллер, фантастика;2006;393;8.34;1
Крик;Уэс Крэйвен;США;детектив, криминал, триллер, ужасы;1996;394;8.34;0
Донни Браско;Майк Ньюэлл;США;биографический, драма, криминал;1997;395;8.34;0
Солярис;Андрей Тарковский;СССР;детектив, драма, мелодрама, приключения, фантастика;1972;396;8.34;1
Великолепная афера;Ридли Скотт;США;драма, комедия, криминал, триллер;2003;397;8.34;0
Дэнни Цепной пес;Луи Летерье;США, Франция, Великобритания;боевик, драма, криминал, приключения, триллер;2005;398;8.34;0
Между небом и землей;Марк Уотерс;США;комедия, мелодрама, фэнтези;2005;399;8.34;0
Социальная сеть;Дэвид Финчер;США;биографический, драма, исторический;2010;400;8.33;0
Изгой-один: Звездные Войны. Истории;Гарет Эдвардс;США;боевик, приключения, фантастика, фэнтези;2016;401;8.33;6
От заката до рассвета;Роберт Родригес;США;боевик, комедия, криминал, триллер, ужасы, фэнтези;1996;402;8.33;0
Эквилибриум;Курт Уиммер;США;боевик, триллер, фантастика;2002;403;8.33;2
Счастливое число Слевина;Пол МакГиган;США, Германия;драма, криминал, триллер;2006;404;8.33;0
Телохранитель;Мик Джексон;США;драма, мелодрама, музыка, триллер;1992;405;8.33;0
Красный дракон;Бретт Рэтнер;США, Германия;драма, криминал, триллер;2002;406;8.33;0
Герой;Чжан Имоу;Китай, Гонконг;боевик, военный, драма, исторический, приключения;2002;407;8.33;0
Голый пистолет 33 1/3: Последний выпад;Питер Сигал;США;боевик, комедия, криминал;1994;408;8.33;0
Мюнхен;Стивен Спилберг;США;биографический, драма, исторический, криминал, триллер;2005;409;8.33;0
Филадельфия;Джонатан Демме;США;драма;1993;410;8.33;0
Бриллиантовый полицейский;Лес Мэйфилд;США, Германия;боевик, комедия, криминал, триллер;1999;411;8.33;0
Король говорит!;Том Хупер;США, Великобритания, Австралия;биографический, драма, исторический;2010;412;8.32;1
Эдвард руки-ножницы;Тим Бертон;США;драма, комедия, мелодрама, фэнтези;1990;413;8.32;0
Превосходство Борна;Пол Гринграсс;Германия, США;боевик, детектив, приключения, триллер;2004;414;8.32;0
Пункт назначения 2;Дэвид Р. Эллис;США;триллер, ужасы;2003;415;8.32;0
Основной инстинкт;Пол Верховен;США, Франция;детектив, мелодрама, триллер, эротика;1992;416;8.32;0
Прислуга;Тейт Тейлор;США, Индия, ОАЭ;драма;2011;417;8.32;1
Подозрительные лица;Брайан Сингер;Германия, США;детектив, криминал, триллер;1995;418;8.32;0
8 миля;Кертис Хэнсон;США, Германия;драма, музыка;2002;419;8.32;0
Стартрек: Возмездие;Джей Джей Абрамс;США;боевик, приключения, фантастика;2013;420;8.31;1
Области тьмы;Нил Бергер;США;детектив, триллер;2011;421;8.31;3
Выживший;Алехандро Гонсалес Иньярриту;США;драма, исторический, приключения;2015;422;8.31;2
Миссия невыполнима;Брайан Де Пальма;США;боевик, приключения, триллер;1996;423;8.31;0
Звонок;Гор Вербински;США, Япония;триллер, ужасы;2002;424;8.31;0
Грязь;Джон С. Бейрд;Великобритания;драма, комедия, криминал;2013;425;8.31;0
Хозяин морей: На краю Земли;Питер Уир;США;боевик, военный, драма, приключения;2003;426;8.31;0
Бессонница;Кристофер Нолан;США;драма, криминал, триллер;2002;427;8.31;1
Поворот не туда;Роб Шмидт;США, Германия;триллер, ужасы;2003;428;8.31;0
Вавилон;Алехандро Гонсалес Иньярриту;США, Франция, Мексика;драма;2006;429;8.31;0
Волк;Майк Николс;США;драма, мелодрама, триллер, ужасы, фэнтези;1994;430;8.31;0
Магнолия;Пол Томас Андерсон;США;драма;1999;431;8.31;0
В осаде 2: Темная территория;Джеф Мерфи;США;боевик, триллер;1995;432;8.31;0
Крысиные бега;Джерри Цукер;США, Канада;комедия, приключения;2001;433;8.31;0
Невидимый гость;Ориол Паоло;Испания;детектив, криминал, триллер;2016;434;8.31;0
Трансформеры;Майкл Бэй;США;боевик, приключения, фантастика;2007;435;8.3;1
Мальчишник в Вегасе;Тодд Филлипс;США;комедия;2009;436;8.3;0
Звездный десант;Пол Верховен;США;боевик, приключения, триллер, фантастика;1997;437;8.3;0
Заложница;Пьер Морель;Франция;боевик, триллер;2008;438;8.3;0
Дракула Брэма Стокера;Френсис Форд Коппола;США;драма, мелодрама, триллер, ужасы, фэнтези;1992;439;8.3;0
Ворон;Алекс Пройас;США;боевик, криминал, мелодрама, триллер, фэнтези;1994;440;8.3;1
Зомби по имени Шон;Эдгар Райт;США, Франция, Великобритания;комедия, ужасы;2004;441;8.3;0
Час пик 2;Бретт Рэтнер;США;боевик, комедия, криминал, триллер;2001;442;8.3;0
Зловещие мертвецы;Сэм Рейми;США;ужасы;1981;443;8.3;2
Шоколад;Лассе Халльстрем;США, Великобритания;драма, комедия, мелодрама;2000;444;8.3;0
Горец;Рассел Малкэй;США, Великобритания;боевик, фэнтези;1986;445;8.3;0
Что гложет Гилберта Грейпа?;Лассе Халльстрем;США;драма, мелодрама;1993;446;8.3;0
Гордость и предубеждение;Джо Райт;Франция, Великобритания;драма, мелодрама;2005;447;8.29;1
Смертельное оружие 3;Ричард Доннер;США;боевик, криминал, триллер;1992;448;8.29;0
Зловещие мертвецы 3: Армия тьмы;Сэм Рейми;США;боевик, комедия, ужасы, фэнтези;1992;449;8.29;1
Кокаин;Тед Демме;США;биографический, драма, криминал;2001;450;8.29;0
Выкуп;Рон Ховард;США;криминал, триллер;1996;451;8.29;0
Еще одна из рода Болейн;Джастин Чадвик;Великобритания, США;драма, исторический, мелодрама;2008;452;8.29;0
Суд над чикагской семеркой;Аарон Соркин;США;драма, триллер;2020;453;8.29;1
Темный рыцарь 2: Возрождение легенды;Кристофер Нолан;США, Великобритания;боевик, драма, кинокомикс, криминал, триллер, фантастика;2012;454;8.28;6
Живая сталь;Шон Леви;США, Индия;боевик, семейный, фантастика;2011;455;8.28;4
Сонная лощина;Тим Бертон;Германия, США;детектив, триллер, ужасы, фэнтези;1999;456;8.28;0
Мумия возвращается;Стивен Соммерс;США;боевик, приключения, триллер, ужасы, фэнтези;2001;457;8.28;1
Джокер;Тодд Филлипс;США;драма, кинокомикс, криминал, приключения, триллер;2019;458;8.28;7
Далласский клуб покупателей;Жан-Марк Валле;США;драма;2013;459;8.28;2
Таксист;Мартин Скорсезе;США;драма, криминал, триллер;1976;460;8.28;1
Смерть ей к лицу;Роберт Земекис;США;комедия, фэнтези;1992;461;8.28;0
На игле;Дэнни Бойл;Великобритания;драма, комедия, криминал;1996;462;8.28;1
Невидимая сторона;Джон Ли Хэнкок;США;драма, спорт;2009;463;8.28;1
Бразилия;Терри Гиллиам;Великобритания;драма, комедия, фантастика, фэнтези;1985;464;8.28;0
Оправданная жестокость;Дэвид Кроненберг;Германия, США;драма, кинокомикс, криминал, триллер;2005;465;8.28;0
Миллионер из трущоб;Дэнни Бойл;США, Великобритания;драма, криминал, мелодрама;2008;466;8.27;0
Чего хотят женщины;Нэнси Майерс;США;комедия, мелодрама, фэнтези;2000;467;8.27;0
Сокровище нации;Джон Тартелтауб;США;боевик, детектив, драма, комедия, приключения, триллер;2004;468;8.27;0
Аноним;Роланд Эммерих;Германия, Великобритания;драма, триллер;2011;469;8.27;0
13-й воин;Джон МакТирнан, Майкл Крайтон;США;боевик, приключения, фэнтези;1999;470;8.27;1
Муха;Дэвид Кроненберг;США;драма, ужасы, фантастика;1986;471;8.27;0
Поцелуй дракона;Крис Наон;США, Франция;боевик, драма, криминал, триллер;2001;472;8.27;0
Слепая ярость;Филлип Нойс;США;боевик, драма, комедия, криминал, приключения, триллер;1989;473;8.27;0
127 часов;Дэнни Бойл;США, Великобритания;драма, исторический, приключения, триллер;2010;474;8.26;1
Челюсти;Стивен Спилберг;США;триллер, ужасы;1975;475;8.26;0
Суини Тодд, демон-парикмахер с Флит-стрит;Тим Бертон;Великобритания, США;драма, криминал, мюзикл, триллер, ужасы;2007;476;8.26;1
Страх и ненависть в Лас-Вегасе;Терри Гиллиам;США;драма, комедия;1998;477;8.26;0
Охотники за привидениями 2;Айван Рейтман;США;боевик, комедия, приключения, фантастика, фэнтези;1989;478;8.26;0
Линкольн для адвоката;Брэд Фурман;США;драма, криминал, триллер;2011;479;8.26;1
Неуязвимый;М. Найт Шьямалан;США;детектив, драма, триллер, фантастика;2000;480;8.26;2
Стрелок;Антуан Фукуа;США;боевик, детектив, криминал, триллер;2007;481;8.26;0
Аполлон 13;Рон Ховард;США;драма, исторический, приключения;1995;482;8.26;0
Сибирский цирюльник;Никита Михалков;Россия, Франция, Италия, Чехия;драма, мелодрама;1998;483;8.26;1
Машинист;Брэд Андерсон;Испания;детектив, драма, триллер;2004;484;8.26;0
Адаптация;Спайк Джонз;США;драма, комедия;2002;485;8.26;0
"007: Координаты ""Скайфолл""";Сэм Мендес;США, Великобритания;боевик, приключения, триллер;2012;486;8.25;3
Красотка;Гэрри Маршалл;США;драма, комедия, мелодрама;1990;487;8.25;0
Рок-н-рольщик;Гай Ричи;США;боевик, криминал;2008;488;8.25;0
Полицейская академия;Хью Уилсон;США;комедия, криминал;1984;489;8.25;0
Столкновение;Пол Хаггис;США, Германия;драма, криминал;2004;490;8.25;0
Волшебная страна;Марк Форстер;США, Великобритания;биографический, драма, семейный;2004;491;8.25;0
Матрица 2: Перезагрузка;Лана Вачовски, Лилли Вачовски;США, Австралия;боевик, приключения, триллер, фантастика;2003;492;8.24;0
Миссия невыполнима 5: Племя изгоев;Кристофер МакКуорри;США;боевик, приключения, триллер;2015;493;8.24;2
Исчезнувшая;Дэвид Финчер;США;драма, триллер;2014;494;8.24;2
Боец;Дэвид О. Расселл;США;биографический, драма, спорт;2010;495;8.24;0
Особое мнение;Стивен Спилберг;США;боевик, детектив, триллер, фантастика;2002;496;8.24;0
Черная дыра;Дэвид Туи;США, Австралия;боевик, приключения, триллер, ужасы, фантастика;2000;497;8.24;0
Паразиты;Пон Джун-хо;Корея Южная;драма, комедия, триллер;2019;498;8.24;1
Экипаж;Роберт Земекис;США;драма, триллер;2012;499;8.24;0
Гангстер;Ридли Скотт;США;драма, криминал;2007;500;8.24;0
Фонтан;Даррен Аронофски;США;драма, мелодрама, фантастика;2006;501;8.24;2
Американский психопат;Мэри Хэррон;США;драма, триллер;2000;502;8.24;1
300 спартанцев;Зак Снайдер;США;боевик, военный, драма, исторический, кинокомикс;2006;503;8.23;0
Мгла;Фрэнк Дарабонт;США;триллер, ужасы, фантастика;2007;504;8.23;2
Пила 2;Даррен Линн Боусман;США, Канада;триллер, ужасы;2005;505;8.23;2
Капитан Филлипс;Пол Гринграсс;США;биографический, драма, криминал, триллер;2013;506;8.23;0
Астерикс и Обеликс: Миссия Клеопатра;Ален Шаба;Германия, Франция;кинокомикс, комедия, приключения, семейный, фэнтези;2002;507;8.23;1
Последний киногерой;Джон МакТирнан;США;боевик, комедия, приключения, фэнтези;1993;508;8.23;0
Мертвец;Джим Джармуш;Германия, США, Япония;вестерн, драма, фэнтези;1995;509;8.23;0
Не пойман - не вор;Спайк Ли;США;драма, криминал, триллер;2006;510;8.23;0
Трудности перевода;София Коппола;США, Япония;драма, комедия, мелодрама;2003;511;8.23;0
Спартак;Стэнли Кубрик, Энтони Манн;США;биографический, боевик, драма, исторический, приключения;1960;512;8.23;0
Люди Икс: Первый класс;Мэттью Вон;США;боевик, драма, кинокомикс, фантастика;2011;513;8.22;4
Бесславные ублюдки;Квентин Тарантино, Элай Рот;США, Германия;боевик, военный, драма, приключения;2009;514;8.22;0
Иллюзия обмана;Луи Летерье;США;детектив, криминал, триллер;2013;515;8.22;3
Волк с Уолл-стрит;Мартин Скорсезе;США;биографический, драма, комедия, криминал;2013;516;8.22;1
Интервью с вампиром;Нил Джордан;США;драма, ужасы, фэнтези;1994;517;8.22;0
Без лица;Джон Ву;США;боевик, криминал, триллер, фантастика;1997;518;8.22;0
Авиатор;Мартин Скорсезе;США, Германия;биографический, драма, мелодрама;2004;519;8.22;1
Бердмен;Алехандро Гонсалес Иньярриту;США;комедия;2014;520;8.22;1
Инопланетянин;Стивен Спилберг;США;детский, драма, приключения, семейный, фантастика, фэнтези;1982;521;8.22;1
Мост в Терабитию;Габор Чупо;США;драма, приключения, семейный, фэнтези;2007;522;8.22;0
Королевство полной луны;Уэс Андерсон;США;драма, комедия;2012;523;8.22;1
Дом у озера;Алехандро Агрести;США;драма, мелодрама, фэнтези;2006;524;8.22;0
Проклятый путь;Сэм Мендес;США;драма, кинокомикс, криминал, приключения;2002;525;8.22;0
К-19;Кэтрин Бигилоу;США, Германия, Канада, Великобритания;драма, исторический, триллер;2002;526;8.22;0
Фантомас против Скотланд-Ярда;Андре Юнебель;Франция, Италия;комедия, криминал, приключения, фэнтези;1967;527;8.22;0
Восстание планеты обезьян;Руперт Уайатт;США;боевик, драма, триллер, фантастика;2011;528;8.21;4
Законопослушный гражданин;Ф. Гэри Грей;США;драма, криминал, триллер;2009;529;8.21;1
Эйс Вентура 2: Когда зовет природа;Стив Одекерк;США;боевик, детектив, комедия, приключения;1995;530;8.21;2
Железная хватка;Итан Коэн, Джоэл Коэн;США;вестерн, драма, приключения;2010;531;8.21;1
Брат 2;Алексей Балабанов;США, Россия;боевик, криминал;2000;532;8.21;1
Соучастник;Майкл Манн;США;драма, криминал, триллер;2004;533;8.21;0
Такси 2;Жерар Кравчик;Франция;боевик, комедия, криминал;2000;534;8.21;0
Отверженные;Том Хупер;США, Великобритания;военный, драма, исторический, мелодрама, мюзикл;2012;535;8.21;0
Кейт и Лео;Джеймс Мэнголд;США;комедия, мелодрама, фэнтези;2001;536;8.21;0
Близкие контакты третьей степени;Стивен Спилберг;США, Великобритания;драма, приключения, фантастика;1977;537;8.21;0
Спасатель;Эндрю Дэвис;США;боевик, драма, приключения;2006;538;8.21;0
Сердце дракона;Роб Коэн;США;боевик, драма, приключения, фэнтези;1996;539;8.21;1
Народ против Ларри Флинта;Милош Форман;США, Канада;биографический, драма;1996;540;8.21;0
Ширли-мырли;Владимир Меньшов;Россия;комедия;1995;541;8.21;0
Эйс Вентура: Розыск домашних животных;Том Шэдьяк;США;боевик, детектив, комедия, триллер;1994;542;8.2;1
Поезд на Юму;Джеймс Мэнголд;США;боевик, вестерн, драма, криминал;2007;543;8.2;0
Ла-Ла Ленд;Дэмьен Шазелл;США;драма, комедия, мелодрама, мюзикл;2016;544;8.2;1
Полночь в Париже;Вуди Аллен;США, Испания;комедия, мелодрама, фэнтези;2011;545;8.2;2
Кон-Тики;Хоаким Роннинг, Эспен Сандберг;Великобритания, Норвегия, Дания;биографический, боевик, драма, исторический, приключения;2012;546;8.2;0
Мы купили зоопарк;Кэмерон Кроу;США;драма, комедия, семейный;2011;547;8.2;0
Хакеры;Иэн Софтли;США;драма, криминал, триллер;1995;548;8.2;1
12 лет рабства;Стив МакКуин;США, Новая Зеландия, Великобритания;биографический, драма, исторический;2013;549;8.19;0
Воздушная тюрьма;Саймон Уэст;США;боевик, криминал, триллер;1997;550;8.19;1
Погребенный заживо;Родриго Кортес;Испания;детектив, драма, триллер;2010;551;8.19;0
Доктор Сон;Майк Флэнеган;США;драма, триллер, ужасы, фэнтези;2019;552;8.19;1
С широко закрытыми глазами;Стэнли Кубрик;США, Великобритания;детектив, драма, триллер, эротика;1999;553;8.19;0
Двадцать одно;Роберт Лукетич;США;драма;2008;554;8.19;0
Шаг вперед;Энн Флетчер;США;драма, криминал, мелодрама, музыка;2006;555;8.19;0
Брачная история;Ноа Баумбах;США, Великобритания;драма, комедия;2019;556;8.19;0
Неприкасаемые;Брайан Де Пальма;США;драма, исторический, криминал, триллер;1987;557;8.19;0
Фантомас разбушевался;Андре Юнебель;Франция, Италия;комедия, криминал, приключения, фэнтези;1965;558;8.19;0
Хоббит 3: Битва пяти воинств;Питер Джексон;США, Новая Зеландия;приключения, семейный, фэнтези;2014;559;8.18;4
Джентльмены;Гай Ричи;США;боевик, криминал;2020;560;8.18;1
1917;Сэм Мендес;США, Великобритания;военный, драма, исторический;2019;561;8.18;0
Я, снова я и Ирэн;Бобби Фаррелли, Питер Фаррелли;США;комедия;2000;562;8.18;0
Страшилы;Питер Джексон;США, Новая Зеландия;комедия, триллер, ужасы, фэнтези;1996;563;8.18;0
Контакт;Роберт Земекис;США;детектив, драма, триллер, фантастика;1997;564;8.18;0
Игра на понижение;Адам МакКэй;США;биографический, драма;2015;565;8.18;1
Джейн Эйр;Кэри Фукунага;Великобритания;драма, мелодрама;2011;566;8.18;0
Призрак оперы;Джоэл Шумахер;США, Великобритания;драма, мелодрама, мюзикл, триллер;2004;567;8.18;0
Харлей Дэвидсон и ковбой Мальборо;Саймон Уинсер;США;боевик, драма, криминал, триллер;1991;568;8.18;0
Специалист;Луис Ллоса;США, Перу;боевик, драма, криминал, триллер;1994;569;8.18;1
День выборов;Олег Фомин;Россия;комедия;2007;570;8.18;0
Звездные войны: Эпизод 1 - Скрытая угроза;Джордж Лукас;США;боевик, приключения, фантастика, фэнтези;1999;571;8.17;2
День независимости;Роланд Эммерих;США;боевик, приключения, триллер, фантастика;1996;572;8.17;0
Город Грехов;Фрэнк Миллер, Квентин Тарантино, Роберт Родригес;США;кинокомикс, криминал, триллер;2005;573;8.17;1
Блэйд;Стивен Норрингтон;США;боевик, кинокомикс, ужасы, фэнтези;1998;574;8.17;1
Дюна;Дени Вильнев;США, Канада;драма, приключения, фантастика;2021;575;8.17;3
Вселенная Стивена Хокинга;Джеймс Марш;Великобритания;биографический, драма;2014;576;8.17;0
Виноваты звезды;Джош Бун;США;драма, мелодрама;2014;577;8.17;0
Робин Гуд: Принц воров;Кевин Рейнольдс;США;боевик, драма, мелодрама, приключения;1991;578;8.17;0
Пришельцы;Жан-Мари Пуаре;Франция;комедия, фэнтези;1993;579;8.17;0
До встречи с тобой;Теа Шэррок;США, Великобритания;драма, мелодрама;2016;580;8.17;0
Мстители 4: Финал;Энтони Руссо, Джо Руссо;США;боевик, кинокомикс, приключения, фантастика, фэнтези;2019;581;8.16;6
Омерзительная восьмерка;Квентин Тарантино;США;вестерн;2015;582;8.16;3
Боевой конь;Стивен Спилберг;США;боевик, военный, драма, исторический, приключения;2011;583;8.16;0
Бегущий человек;Пол Майкл Глейзер;США;боевик, триллер, фантастика;1987;584;8.16;0
Куда приводят мечты;Винсент Уорд;США, Новая Зеландия;драма, мелодрама, фэнтези;1998;585;8.16;1
Мулен Руж;Баз Лурман;США, Австралия;драма, мелодрама, мюзикл;2001;586;8.16;1
Влюбленный Шекспир;Джон Мэдден;Великобритания, США;драма, исторический, комедия, мелодрама;1998;587;8.16;0
Джек Ричер;Кристофер МакКуорри;США;боевик, драма, криминал, триллер;2012;588;8.15;2
Брат;Алексей Балабанов;Россия;боевик, драма, криминал, музыка;1997;589;8.15;1
Разрушитель;Марко Брамбилла;США;боевик, криминал, фантастика;1993;590;8.15;0
История рыцаря;Брайан Хелгеленд;США;боевик, комедия, мелодрама, приключения;2001;591;8.15;0
Гаттака;Эндрю Никкол;США;драма, мелодрама, триллер, фантастика;1997;592;8.15;0
Звездные врата;Роланд Эммерих;США, Франция;боевик, приключения, фантастика, фэнтези;1994;593;8.15;1
Оружейный барон;Эндрю Никкол;США;драма, криминал;2005;594;8.15;0
Порок на экспорт;Дэвид Кроненберг;США, Канада, Великобритания;детектив, драма, криминал, триллер;2007;595;8.15;0
Август Раш;Керстен Шеридан;США;драма, мелодрама, музыка;2007;596;8.15;0
Сердцеедки;Дэвид Миркин;США;комедия, криминал, мелодрама;2001;597;8.15;0
Ван Хельсинг;Стивен Соммерс;США, Чехия;боевик, приключения, триллер, ужасы, фэнтези;2004;598;8.14;0
Однажды... в Голливуде;Квентин Тарантино;Великобритания, США;драма, комедия;2019;599;8.14;3
Агора;Алехандро Аменабар;Испания, Мальта;драма, исторический, мелодрама, приключения;2009;600;8.14;1
Убить Билла;Квентин Тарантино;США;боевик, драма, криминал, триллер;2003;601;8.13;2
Иллюзионист;Нил Бергер;США, Чехия;детектив, драма, мелодрама, триллер;2006;602;8.13;0
Угнать за 60 секунд;Доминик Сена;США;боевик, криминал, триллер;2000;603;8.13;1
Дрожь земли;Рон Андервуд;США;комедия, ужасы, фантастика;1990;604;8.13;0
Семь психопатов;Мартин МакДона;США, Великобритания;комедия, криминал;2012;605;8.13;0
Безумный Макс 2: Воин дороги;Джордж Миллер;Австралия;боевик, приключения, триллер, фантастика;1981;606;8.13;1
Девять ярдов;Джонатан Линн;США;драма, комедия, криминал, мелодрама, приключения;2000;607;8.13;0
Смерч;Ян де Бонт;США;боевик, драма, приключения, триллер;1996;608;8.13;0
Резня;Роман Полански;Германия, Франция, Испания, Польша;драма, комедия;2011;609;8.13;0
P.S. Я люблю тебя;Ричард ЛаГравенес;США;драма, комедия, мелодрама;2007;610;8.13;0
Большой переполох в маленьком Китае;Джон Карпентер;США;боевик, комедия, мелодрама, приключения, фэнтези;1986;611;8.13;0
Дело храбрых;Джозеф Косински;США;биографический, драма;2017;612;8.13;0
Иствикские ведьмы;Джордж Миллер;США;комедия, музыка, триллер, ужасы, фэнтези;1987;613;8.13;0
Доктор Стрэндж;Скотт Дерриксон;США;боевик, кинокомикс, приключения, фэнтези;2016;614;8.12;2
Мой парень - псих;Дэвид О. Расселл;США;драма, комедия;2012;615;8.12;1
Амели;Жан-Пьер Жене;Франция, Германия;драма, комедия, мелодрама;2001;616;8.12;0
Смертельная битва;Пол В.С. Андерсон;США;боевик, приключения, триллер, фантастика, фэнтези;1995;617;8.12;1
"Дьявол носит ""Prada""";Дэвид Фрэнкел;США;драма, комедия;2006;618;8.12;0
Хорошо быть тихоней;Стивен Чбоски;США;драма, мелодрама;2012;619;8.12;0
Сладкий ноябрь;Пэт О`Коннор;США;драма, комедия, мелодрама;2001;620;8.12;0
Чтец;Стивен Долдри;США, Германия;военный, драма, исторический, мелодрама, триллер;2008;621;8.12;0
Али;Майкл Манн;США;биографический, драма, спорт;2001;622;8.12;1
Облачный атлас;Том Тыквер, Лана Вачовски, Лилли Вачовски;США, Германия, Гонконг, Сингапур;детектив, драма, фантастика;2012;623;8.11;4
Горбатая гора;Энг Ли;США;драма, мелодрама;2005;624;8.11;0
Универсальный солдат;Роланд Эммерих;США;боевик, драма, фантастика;1992;625;8.11;1
Комната страха;Дэвид Финчер;США;детектив, драма, криминал, триллер;2002;626;8.11;1
Скалолаз;Ренни Харлин;США, Франция, Италия;боевик, приключения, триллер;1993;627;8.11;0
Идеальный шторм;Вольфганг Петерсен;США, Германия;боевик, драма, приключения, триллер;2000;628;8.11;0
Машина времени;Саймон Уэллс;США;боевик, приключения, фантастика;2002;629;8.11;0
Особенности национальной охоты;Александр Рогожкин;Россия;комедия;1995;630;8.11;0
Последний бойскаут;Тони Скотт;США;боевик, детектив, драма, комедия, криминал, триллер;1991;631;8.11;0
Реальная любовь;Ричард Кертис;США, Великобритания;драма, комедия, мелодрама;2003;632;8.11;0
Жасмин;Вуди Аллен;США;драма;2013;633;8.11;0
Солдаты неудачи;Бен Стиллер;Германия, США;боевик, военный, комедия;2008;634;8.1;1
Пленницы;Дени Вильнев;США;детектив, драма, криминал, триллер;2013;635;8.1;0
Тайное окно;Дэвид Кепп;США;детектив, драма, триллер;2004;636;8.1;0
Комната;Леонард Абрахамсон;Ирландия, Канада, Великобритания, США;драма, триллер;2015;637;8.1;0
Мыс страха;Мартин Скорсезе;США;криминал, триллер, ужасы;1991;638;8.1;0
Семь жизней;Габриэле Муччино;США;драма;2008;639;8.09;1
Планета Ка-Пэкс;Иэн Софтли;США, Германия;драма, фантастика;2001;640;8.09;0
Рассвет мертвецов;Зак Снайдер;США, Канада, Франция, Япония;драма, триллер, ужасы, фантастика;2004;641;8.09;0
Рейд 2;Гарет Эванс;Индонезия, США;боевик, криминал, триллер;2014;642;8.09;0
Патруль;Дэвид Эйер, Дэвид Эйр;США;детектив, драма, криминал, триллер;2012;643;8.09;1
Два ствола;Бальтасар Кормакур;США;боевик, криминал, триллер;2013;644;8.09;0
Поцелуй навылет;Шейн Блэк;США;боевик, детектив, комедия, криминал, триллер;2005;645;8.09;0
Секретные материалы: Борьба за будущее;Роб Боумен;США;детектив, криминал, триллер, ужасы, фантастика;1998;646;8.09;0
Тюряга;Джон Флинн;США;боевик, криминал, триллер;1989;647;8.09;0
Жестокие игры;Роджер Камбл;США;драма, мелодрама, триллер;1999;648;8.09;0
Человек, который изменил все;Беннетт Миллер;США;биографический, драма, спорт;2011;649;8.08;0
Факультет;Роберт Родригес;США;триллер, ужасы, фантастика;1998;650;8.08;0
Дурак;Юрий Быков;Россия;драма;2014;651;8.08;0
Куб;Винченцо Натали;Канада;детектив, драма, триллер, ужасы, фантастика;1997;652;8.08;0
Жутко громко и запредельно близко;Стивен Долдри;США;драма;2011;653;8.08;1
Зачарованная;Кевин Лима;США;комедия, мелодрама, мюзикл, приключения, семейный, фэнтези;2007;654;8.08;0
Прибытие;Дени Вильнев;США;детектив, драма, триллер, фантастика;2016;655;8.07;3
28 дней спустя...;Дэнни Бойл;Великобритания;триллер, ужасы, фантастика;2002;656;8.07;1
Джей и молчаливый Боб наносят ответный удар;Кевин Смит;США;комедия, приключения;2001;657;8.07;0
Смокинг;Кевин Донован;США;боевик, комедия, триллер, фантастика;2002;658;8.07;0
Шакал;Майкл Кейтон-Джонс;США, Германия, Франция, Япония, Великобритания;боевик, драма, криминал, триллер;1997;659;8.07;0
Один день;Лоне Шерфиг;США;комедия, мелодрама;2011;660;8.07;0
Форсаж 5;Джастин Лин;США;боевик, драма, криминал, триллер;2011;661;8.06;1
Черный лебедь;Даррен Аронофски;США;драма, триллер;2010;662;8.06;2
Неудержимые 2;Саймон Уэст;США;боевик, приключения, триллер;2012;663;8.06;1
Кошмар на улице Вязов;Уэс Крэйвен;США;детектив, триллер, ужасы, фэнтези;1984;664;8.06;1
Операция Валькирия;Брайан Сингер;США;биографический, драма, исторический, триллер;2008;665;8.06;1
Три дня на побег;Пол Хаггис;США;драма, криминал, мелодрама, триллер;2010;666;8.06;0
Господин Никто;Яко Ван Дормел;Канада, Франция, Бельгия;драма, мелодрама, фантастика, фэнтези;2009;667;8.06;0
Близнецы;Айван Рейтман;США;комедия, криминал;1988;668;8.06;0
В центре внимания;Томас МакКарти;США;биографический, драма, исторический, триллер;2015;669;8.06;0
Техасская резня бензопилой;Тоуб Хупер;США;триллер, ужасы;1974;670;8.06;0
Коматозники;Джоэл Шумахер;США;триллер, ужасы, фантастика;1990;671;8.06;0
Рожденный четвертого июля;Оливер Стоун;США;биографический, военный, драма;1989;672;8.06;0
Война миров Z;Марк Форстер;США;боевик, ужасы, фантастика;2013;673;8.05;2
Крестный отец 3;Френсис Форд Коппола;США;боевик, драма, криминал, триллер;1990;674;8.05;0
Сокровище Амазонки;Питер Берг;США;боевик, комедия, приключения, триллер;2003;675;8.05;0
Отчаянный;Роберт Родригес;США;боевик, драма, криминал, триллер;1995;676;8.05;0
Аритмия;Борис Хлебников;Россия;драма, мелодрама;2017;677;8.05;0
Звездные войны: Эпизод 2 - Атака клонов;Джордж Лукас;США;боевик, приключения, фантастика, фэнтези;2002;678;8.04;2
Самый пьяный округ в мире;Джон Хиллкоут;США;боевик, драма, криминал;2012;679;8.04;2
500 дней лета;Марк Уэбб;США;комедия, мелодрама;2009;680;8.04;1
Лучший стрелок;Тони Скотт;США;боевик, драма, мелодрама;1986;681;8.04;0
Идентификация;Джеймс Мэнголд;США;детектив, криминал, триллер, ужасы;2003;682;8.04;0
РЭД: Реальные, экстремальные, дерзкие;Роберт Швентке;США;боевик, кинокомикс, комедия;2010;683;8.03;1
12 обезьян;Терри Гиллиам;США;детектив, триллер, фантастика;1995;684;8.03;0
Славные парни;Шейн Блэк;США, Великобритания;комедия, криминал, триллер;2016;685;8.03;0
Драйв;Николас Виндинг Рефн;США;драма, криминал;2011;686;8.03;0
Приключения Паддингтона 2;Пол Кинг;Великобритания, Франция. США;комедия, приключения, семейный, фэнтези;2017;687;8.03;0
На грани;Асгер Лет;США;боевик, криминал, приключения, триллер;2012;688;8.03;0
Джиперс Криперс;Виктор Сальва;Германия, США;мистика, ужасы;2001;689;8.03;0
Любой ценой;Дэвид МакКензи;США;драма, криминал;2016;690;8.03;0
Ослепленный желаниями;Харольд Рэмис;США, Германия;комедия, фэнтези;2000;691;8.03;0
Дело Ричарда Джуэлла;Клинт Иствуд;США;биографический, драма, криминал;2019;692;8.03;0
Темный город;Алекс Пройас;США, Австралия;детектив, триллер, фантастика;1998;693;8.03;0
Мы были солдатами;Рэндолл Уоллес;США, Германия;боевик, военный, исторический;2002;694;8.03;0
Экзамен;Стюарт Хэзелдайн;Великобритания;триллер;2009;695;8.03;2
Перл-Харбор;Майкл Бэй;США;боевик, военный, мелодрама;2001;696;8.02;1
Марсианин;Ридли Скотт;США, Великобритания;приключения, фантастика;2015;697;8.02;1
Оно;Андрес Мускетти;США;триллер, ужасы;2017;698;8.02;1
Послезавтра;Роланд Эммерих;США;боевик, приключения, триллер, фантастика;2004;699;8.02;1
Первому игроку приготовиться;Стивен Спилберг;США, Индия;боевик, приключения, фантастика;2018;700;8.02;4
Блэйд 2;Гильермо Дель Торо;США;боевик, кинокомикс, триллер, ужасы;2002;701;8.02;0
Миссия невыполнима 3;Джей Джей Абрамс;США, Германия;боевик, приключения, триллер;2006;702;8.02;0
Очень страшное кино;Кинен Айвори Уайанс;США;комедия;2000;703;8.02;1
Веселые каникулы;Адриан Грюнберг;США;боевик, драма, криминал, триллер;2012;704;8.02;1
Клятва;Майкл Сакси;США, Германия, Франция, Бразилия, Великобритания, Австралия;драма, мелодрама;2012;705;8.02;1
Козырные тузы;Джо Карнахан;США, Великобритания, Франция;боевик, драма, криминал, триллер;2006;706;8.02;0
Дорога перемен;Сэм Мендес;США, Великобритания;драма, мелодрама;2008;707;8.02;0
Потомки;Александр Пэйн;США;драма, комедия;2011;708;8.02;1
Зловещие мертвецы 2;Сэм Рейми;США;комедия, ужасы, фэнтези;1987;709;8.02;1
Ограбление по-итальянски;Ф. Гэри Грей;США, Франция, Великобритания, Италия;боевик, криминал, триллер;2003;710;8.02;0
Эта - дурацкая - любовь;Гленн Фикарра, Джон Рекуа;США;драма, комедия, мелодрама;2011;711;8.02;0
Миссис Даутфайр;Крис Коламбус;США;комедия, мелодрама;1993;712;8.02;0
Реальные упыри;Джемейн Клемент, Тайка Вайтити;Новая Зеландия;комедия;2014;713;8.02;0
Шаг вперед 2: Улицы;Джон М. Чу;США;драма, мелодрама, музыка;2008;714;8.02;1
Плохие парни 2;Майкл Бэй;США;боевик, комедия, триллер;2003;715;8.01;1
Знакомство с Факерами;Джей Роач;США;комедия, мелодрама;2004;716;8.01;0
Зодиак;Дэвид Финчер;США;биографический, драма, криминал, триллер;2007;717;8.01;1
Ганнибал;Ридли Скотт;США, Великобритания;детектив, драма, криминал, триллер;2001;718;8.01;0
Гарри Поттер и Дары смерти: Часть 1;Дэвид Йэтс;США, Великобритания;боевик, детектив, приключения, фэнтези;2010;719;8.0;0
Хранители;Зак Снайдер;США;боевик, кинокомикс, триллер, фантастика, фэнтези;2009;720;8.0;3
Гарри Поттер и орден Феникса;Дэвид Йэтс;США, Великобритания;приключения, семейный, фэнтези;2007;721;8.0;1
Kingsman: Секретная служба;Мэттью Вон;Великобритания;боевик, кинокомикс, криминал, приключения, триллер;2014;722;8.0;1
Лемони Сникет: 33 несчастья;Брэд Силберлинг;США, Германия;комедия, приключения, семейный, фэнтези;2004;723;8.0;1
Глубокое синее море;Ренни Харлин;США, Австралия;боевик, триллер, ужасы;1999;724;8.0;0
Место под соснами;Дерек Сьянфранс;США;драма, криминал, триллер;2012;725;8.0;1
Пиджак;Джон Мэйбери;США;драма, триллер, ужасы, фантастика, фэнтези;2005;726;8.0;1
Джеки Браун;Квентин Тарантино;США;драма, криминал, триллер;1997;727;8.0;0
Майор;Юрий Быков;Россия;драма;2013;728;8.0;1
Собачья жизнь;Лассе Халльстрем, Артур Льюис;США;драма, комедия, приключения, семейный;2017;729;8.0;0
Железный человек 3;Шейн Блэк;США;боевик, кинокомикс, фантастика;2013;730;7.99;6
Человек-паук 3: Враг в отражении;Сэм Рейми;США;боевик, кинокомикс, приключения, триллер, фантастика;2007;731;7.99;2
Время первых;Дмитрий Киселев;Россия;биографический, драма, исторический;2017;732;7.99;1
Тихоокеанский рубеж;Гильермо Дель Торо;США;боевик, приключения, фантастика;2013;733;7.98;6
Добро пожаловать в Зомбилэнд;Рубен Фляйшер;США;комедия, ужасы;2009;734;7.98;0
Убить Билла 2;Квентин Тарантино;США;боевик, криминал, триллер;2004;735;7.98;0
"Всегда говори ""Да""";Пейтон Рид;США;комедия, мелодрама;2008;736;7.98;0
Хеллбой II: Золотая армия;Гильермо Дель Торо;США, Германия;боевик, кинокомикс, приключения, фэнтези;2008;737;7.98;1
Четыре комнаты;Александр Роквэлл, Квентин Тарантино, Роберт Родригес;США;комедия;1995;738;7.98;0
Побочный эффект;Стивен Содерберг;США;детектив, драма, криминал, триллер;2013;739;7.98;0
Догвилль;Ларс фон Триер;Германия, Дания, Швеция, Финляндия, Франция, Великобритания;детектив, драма, криминал, триллер;2003;740;7.98;0
Таинственный лес;М. Найт Шьямалан;США;детектив, драма, триллер;2004;741;7.98;0
Джиперс Криперс 2;Виктор Сальва;США;триллер, ужасы;2003;742;7.98;0
Все или ничего;Питер Сигал;США;драма, комедия, криминал, спорт;2005;743;7.98;0
Крикуны;Кристиан Дюге;США, Канада, Япония;боевик, приключения, триллер, ужасы, фантастика;1995;744;7.98;0
Матрица 3: Революция;Лана Вачовски, Лилли Вачовски;США, Австралия;боевик, приключения, триллер, фантастика;2003;745;7.97;0
"Операция ""Арго""";Бен Аффлек;США;драма, триллер;2012;746;7.97;1
Прочь;Джордан Пил;США;детектив, ужасы;2017;747;7.97;0
Багровые реки;Матье Кассовиц;Франция;детектив, криминал, триллер;2000;748;7.97;0
Особенности национальной рыбалки;Александр Рогожкин;Россия;комедия;1998;749;7.97;0
Семейка Аддамс;Барри Зонненфельд;США;комедия, семейный, триллер, фэнтези;1991;750;7.97;0
Жизнь прекрасна;Джонатан Левин;США;драма, комедия, мелодрама;2011;751;7.97;0
Планета обезьян: Революция;Мэтт Ривз;США;боевик, драма, фантастика;2014;752;7.96;3
Астерикс и Обеликс против Цезаря;Клод Зиди;Германия, Франция, Италия;кинокомикс, комедия, приключения, семейный, фэнтези;1999;753;7.96;0
Гравитация;Альфонсо Куарон;США, Великобритания;триллер, фантастика;2013;754;7.95;4
Бэтмен;Тим Бертон;США, Великобритания;боевик, кинокомикс, криминал, триллер, фантастика;1989;755;7.95;0
Апгрейд;Ли Уоннелл;Австралия;боевик, триллер, ужасы, фантастика;2018;756;7.95;2
Марли и я;Дэвид Фрэнкел;США;драма, комедия, мелодрама, семейный;2008;757;7.95;0
Никто не выжил;Рюхэй Китамура;США;триллер, ужасы;2012;758;7.95;1
Восставший из ада;Клайв Баркер;Великобритания;триллер, ужасы, фэнтези;1987;759;7.95;0
Лангольеры;Том Холланд;США;детектив, драма, триллер, ужасы, фантастика, фэнтези;1995;760;7.95;0
Другой мир;Лен Уайзман;США, Германия, Великобритания, Венгрия;боевик, триллер, ужасы, фэнтези;2003;761;7.94;1
Неуправляемый;Тони Скотт;США;боевик, драма, триллер;2010;762;7.94;0
Перевозчик;Луи Летерье, Кори Юэнь;США, Франция;боевик, криминал, триллер;2002;763;7.94;1
Убойные каникулы;Эли Крэйг;Канада;комедия;2010;764;7.94;1
Девятые врата;Роман Полански;США, Франция, Испания;детектив, триллер, ужасы, фэнтези;1999;765;7.94;1
12;Никита Михалков;Россия;военный, детектив, драма, криминал, триллер;2007;766;7.94;0
Тоня против всех;Крэйг Гиллеспи;США;биографический, драма, спорт;2017;767;7.94;2
Крадущийся тигр, затаившийся дракон;Энг Ли;США, Тайвань, Гонконг, Китай;боевик, драма, приключения, триллер;2000;768;7.94;1
Тор 3: Рагнарек;Тайка Вайтити;США;боевик, драма, кинокомикс, фэнтези;2017;769;7.93;5
Ярость;Дэвид Эйер;Великобритания;боевик, военный, драма;2014;770;7.93;1
Турецкий гамбит;Джаник Файзиев;Россия, Болгария;боевик, военный, детектив, приключения, триллер;2005;771;7.93;0
Без чувств;Пенелопа Сфирис;США;комедия, мелодрама;1998;772;7.93;0
Паранойя;Ди Джей Карузо;США;детектив, драма, криминал, триллер;2007;773;7.93;0
Роман с камнем;Роберт Земекис;США;боевик, комедия, мелодрама, приключения;1984;774;7.93;0
Неудержимые;Сильвестр Сталлоне;США;боевик, приключения, триллер;2010;775;7.92;0
Дэдпул 2;Дэвид Литч;США;боевик, кинокомикс, комедия, приключения, фантастика;2018;776;7.92;7
Пила 3;Даррен Линн Боусман;США;криминал, триллер, ужасы;2006;777;7.92;2
Убийца;Дени Вильнев;США;боевик, детектив, драма, криминал, триллер;2015;778;7.92;0
Васаби;Жерар Кравчик;Франция, Япония;боевик, драма, комедия, криминал, триллер;2001;779;7.92;0
Город ангелов;Брэд Силберлинг;США;драма, мелодрама, триллер, фэнтези;1998;780;7.92;1
Неизвестный;Жауме Кольет-Серра;США;боевик, детектив, драма, триллер;2011;781;7.91;0
Битлджус;Тим Бертон;США;комедия, фэнтези;1988;782;7.91;0
Дневник Бриджит Джонс;Шэрон Магуайр;Франция, Великобритания, США;драма, комедия, мелодрама;2001;783;7.91;0
Стажер;Нэнси Майерс;США;комедия;2015;784;7.91;0
Няньки;Джон Парагон;США;комедия, триллер;1994;785;7.91;0
Статский советник;Филипп Янковский;Россия;драма, криминал;2005;786;7.91;0
Полицейский из Беверли-Хиллз 2;Тони Скотт;США;боевик, комедия, криминал, триллер;1987;787;7.91;0
Аквамен;Джеймс Ван;Австралия, США;боевик, кинокомикс, приключения, фантастика;2018;788;7.9;5
Заклятие 2;Джеймс Ван;США;детектив, триллер, ужасы;2016;789;7.9;0
Мне бы в небо;Джейсон Рейтман;США;драма, комедия, мелодрама;2009;790;7.9;0
На крючке;Ди Джей Карузо;США;боевик, детектив, триллер;2008;791;7.9;0
Капитан Фантастик;Мэтт Росс;США;драма;2016;792;7.9;0
Гагарин. Первый в космосе;Павел Пархоменко;Россия;биографический, драма, исторический;2013;793;7.9;0
Не угаснет надежда;Джей Си Чендор;США;боевик, драма;2013;794;7.9;0
Хэнкок;Питер Берг;США;боевик, драма, комедия, фантастика;2008;795;7.89;0
Обитель зла;Пол В.С. Андерсон;Великобритания, Германия;боевик, триллер, ужасы, фантастика;2002;796;7.89;2
Тупой и еще тупее;Бобби Фаррелли, Питер Фаррелли;США;комедия, приключения;1994;797;7.89;0
Невероятная жизнь Уолтера Митти;Бен Стиллер;США;драма, комедия, мелодрама, приключения, фэнтези;2013;798;7.89;0
Заклятие;Джеймс Ван;США;детектив, триллер, ужасы;2013;799;7.89;1
Игра в имитацию;Мортен Тильдум;США;биографический, драма, триллер;2014;800;7.89;0
Дорога;Джон Хиллкоут;США;драма, триллер, фантастика;2009;801;7.89;0
Дом грез;Джим Шеридан;США;детектив, драма, триллер;2011;802;7.89;0
Величайший шоумен;Майкл Грэйси;США;биографический, драма, мюзикл;2017;803;7.89;0
Салют-7;Клим Шипенко;Россия;драма, исторический;2017;804;7.89;0
Дом летающих кинжалов;Чжан Имоу;Гонконг, Китай;боевик, драма, мелодрама, приключения, фэнтези;2004;805;7.89;0
Кристофер Робин;Марк Форстер;США, Великобритания;детский, драма, комедия, приключения, семейный, фэнтези;2018;806;7.89;2
Приют;Х.А. Байона;Испания, Мексика;детектив, драма, триллер, ужасы;2007;807;7.89;0
Обливион;Джозеф Косински;США;боевик, приключения, фантастика;2013;808;7.88;4
Джон Уик;Чад Стахелски, Дэвид Литч;США, Китай, Канада;боевик, триллер;2014;809;7.88;3
Смертельное оружие 4;Ричард Доннер;США;боевик, криминал, триллер;1998;810;7.88;0
Невидимка;Пол Верховен;США, Германия;боевик, драма, триллер, ужасы, фантастика;2000;811;7.88;0
Тонкая красная линия;Терренс Малик;США;боевик, военный, драма;1998;812;7.88;0
Фантастические твари и где они обитают;Дэвид Йэтс;США, Великобритания;детский, приключения, семейный, фэнтези;2016;813;7.87;2
Меняющие реальность;Джордж Нолфи;США;мелодрама, триллер, фантастика;2011;814;7.87;0
Крид: Наследие Рокки;Райан Куглер;США;драма, спорт;2015;815;7.87;2
Охотники на гангстеров;Рубен Фляйшер;США;драма, криминал;2013;816;7.87;2
Спасти мистера Бэнкса;Джон Ли Хэнкок;США, Великобритания, Австралия;биографический, драма, исторический, музыка;2013;817;7.87;1
Молчание;Мартин Скорсезе;США, Италия, Мексика;драма, исторический;2016;818;7.87;0
Заложник;Флоран Эмилио Сири;США, Германия;боевик, драма, криминал, триллер;2005;819;7.87;0
Война миров;Стивен Спилберг;США;боевик, приключения, триллер, фантастика;2005;820;7.86;0
Хроники Нарнии: Лев, Колдунья и Волшебный шкаф;Эндрю Адамсон;США;боевик, приключения, семейный, фэнтези;2005;821;7.86;0
Книга джунглей;Джон Фавро;США;детский, приключения, семейный, фэнтези;2016;822;7.86;4
Хеллбой: Герой из пекла;Гильермо Дель Торо;США;боевик, кинокомикс, приключения, фэнтези;2004;823;7.86;0
Ванильное небо;Кэмерон Кроу;США;детектив, драма, мелодрама, триллер, фантастика;2001;824;7.86;1
Древо жизни;Терренс Малик;США;драма;2011;825;7.86;1
Проект X: Дорвались;Нима Нуризаде;США;комедия;2012;826;7.86;0
Танго и Кэш;Андрей Кончаловский, Альберт Магноли;США;боевик, комедия, криминал, триллер;1989;827;7.86;0
Братство волка;Кристоф Ганс;Франция;боевик, детектив, исторический, ужасы;2001;828;7.86;0
Забирая жизни;Ди Джей Карузо;США, Канада, Австралия;детектив, драма, криминал, триллер, ужасы;2004;829;7.86;0
Вирус;Джон Бруно;США, Германия, Франция, Япония, Великобритания;боевик, триллер, ужасы, фантастика;1999;830;7.86;0
Джон Уик 2;Чад Стахелски;США;боевик;2017;831;7.85;2
Звездная пыль;Мэттью Вон;США, Великобритания;мелодрама, приключения, фэнтези;2007;832;7.85;0
Водный мир;Кевин Рейнольдс, Кевин Костнер;США;боевик, драма, приключения, триллер, фантастика;1995;833;7.85;0
Бэтмен возвращается;Тим Бертон;США, Великобритания;боевик, кинокомикс, криминал, триллер;1992;834;7.85;0
Зеркала;Александр Ажа;США, Румыния;детектив, триллер, ужасы;2008;835;7.85;0
Управление гневом;Питер Сигал;США;комедия, мелодрама;2003;836;7.85;0
Траффик;Стивен Содерберг;США, Мексика, Германия;драма, криминал, триллер;2000;837;7.85;0
Железный человек 2;Джон Фавро;США;боевик, кинокомикс, приключения, фантастика;2010;838;7.84;4
Пила 4;Даррен Линн Боусман;США, Канада;детектив, триллер, ужасы;2007;839;7.84;1
Гудзонский ястреб;Майкл Леманн;США;боевик, комедия, приключения;1991;840;7.84;0
В поисках приключений;Жан-Клод Ван Дамм;США;боевик, драма, приключения, триллер;1996;841;7.84;1
Бетховен;Брайан Левант;США;детский, драма, комедия, семейный;1992;842;7.84;0
Двойной удар;Шелдон Леттич;США;боевик, драма, криминал, триллер;1991;843;7.84;0
Изо всех сил;Менахем Голан;США;боевик;1987;844;7.84;0
Голос монстра;Х.А. Байона;США, Испания;драма, фэнтези;2016;845;7.84;0
Сбежавшая невеста;Гэрри Маршалл;США;комедия, мелодрама;1999;846;7.84;0
Видок;Питоф;Франция;детектив, драма, криминал, триллер, фэнтези;2001;847;7.84;0
Двойник дьявола;Ли Тамахори;Бельгия;биографический, боевик, драма;2011;848;7.84;1
Ночь в музее;Шон Леви;США, Великобритания;комедия, приключения, семейный, фэнтези;2006;849;7.83;0
Сокровище нации 2: Книга Тайн;Джон Тартелтауб;США;боевик, детектив, комедия, приключения, триллер;2007;850;7.83;0
Большие глаза;Тим Бертон;США;биографический, драма, криминал, мелодрама;2014;851;7.83;0
Тринадцатый этаж;Йозеф Руснак;США, Германия;детектив, мелодрама, триллер, фантастика;1999;852;7.83;0
Дэдпул;Тим Миллер;США;боевик, кинокомикс, комедия, приключения, фантастика;2016;853;7.82;3
Мистер и миссис Смит;Даг Лайман;США;боевик, комедия, мелодрама, триллер;2005;854;7.82;1
Схватка;Джо Карнахан;США;боевик, драма, приключения, триллер;2011;855;7.82;4
Из ада;Альберт Хьюз, Аллен Хьюз;США;детектив, кинокомикс, криминал, триллер, ужасы;2001;856;7.82;0
Бойфренд из будущего;Ричард Кертис;Великобритания;драма, комедия, фантастика;2013;857;7.82;0
Бриджит Джонс: Грани разумного;Бибан Кидрон;США, Германия, Франция, Великобритания, Ирландия;комедия, мелодрама;2004;858;7.82;0
Люди в черном 3;Барри Зонненфельд;США;боевик, кинокомикс, комедия, приключения, фантастика;2012;859;7.81;0
Довод;Кристофер Нолан;США, Великобритания;боевик, криминал, триллер, фантастика;2020;860;7.81;4
Пандорум;Кристиан Алверт;Великобритания, США, Германия;триллер, ужасы, фантастика;2009;861;7.81;1
Шпионский мост;Стивен Спилберг;США;биографический, драма, исторический, триллер;2015;862;7.81;1
50 первых поцелуев;Питер Сигал;США;драма, комедия, мелодрама;2004;863;7.81;0
Американский пирог 3: Свадьба;Джесси Дилан;Германия, США;комедия, мелодрама;2003;864;7.81;0
Ангел-А;Люк Бессон;Франция;драма, комедия, мелодрама, фэнтези;2005;865;7.81;0
Немыслимое;Грегор Джордан;США;драма, криминал, триллер;2010;866;7.81;0
Тревожный вызов;Брэд Андерсон;США;драма, криминал, триллер, ужасы;2013;867;7.81;0
Хроники Риддика;Дэвид Туи;США;боевик, приключения, триллер, фантастика;2004;868;7.8;0
Правила съема: Метод Хитча;Энди Теннант;США;комедия, мелодрама;2005;869;7.8;0
Детсадовский полицейский;Айван Рейтман;США;боевик, комедия, криминал, триллер;1990;870;7.8;0
Шесть дней, семь ночей;Айван Рейтман;США;боевик, комедия, мелодрама, приключения;1998;871;7.8;0
Телохранитель;Уильям Монахэн;США, Великобритания;драма, криминал, мелодрама;2010;872;7.8;0
Последний дом слева;Дэннис Илиадис;США;триллер, ужасы;2009;873;7.8;0
Мы - Миллеры;Роусон Маршалл Тербер;США, Великобритания;комедия, криминал;2013;874;7.79;0
Кловерфилд, 10;Дэн Трактенберг;США;боевик, детектив, драма, триллер, фантастика;2016;875;7.79;0
Приключения Паддингтона;Пол Кинг;Великобритания, Франция;комедия, приключения, семейный, фэнтези;2014;876;7.79;1
Нападение на 13-ый участок;Жан-Франсуа Рише;США, Франция;боевик, драма, криминал, триллер;2005;877;7.79;0
"База ""Клейтон""";Джон МакТирнан;США, Германия;боевик, детектив, драма, криминал, триллер;2003;878;7.79;0
Как трусливый Роберт Форд убил Джесси Джеймса;Эндрю Доминик;США;биографический, вестерн, драма, исторический, криминал;2007;879;7.79;0
101 далматинец;Стивен Херек;США;комедия, криминал, приключения, семейный;1996;880;7.78;0
Наемные убийцы;Ричард Доннер;США, Франция;боевик, криминал, триллер;1995;881;7.78;0
Птицы;Альфред Хичкок;США;триллер, ужасы;1963;882;7.78;0
Мартовские иды;Джордж Клуни;США;драма, триллер;2011;883;7.78;0
Гарри Поттер и принц-полукровка;Дэвид Йэтс;США, Великобритания;детектив, драма, мелодрама, приключения, фэнтези;2009;884;7.77;3
Афера по-американски;Дэвид О. Расселл;США;драма, криминал;2013;885;7.77;0
Джонни Д.;Майкл Манн;США;биографический, драма, исторический, криминал;2009;886;7.77;0
Воздушный маршал;Жауме Кольет-Серра;Великобритания, Франция, США, Канада;боевик, детектив, триллер;2014;887;7.77;0
Воды слонам!;Френсис Лоуренс;США;драма, мелодрама;2011;888;7.77;1
Рокки Бальбоа;Сильвестр Сталлоне;США;боевик, драма, спорт;2006;889;7.77;0
Человек на Луне;Дэмьен Шазелл;США;биографический, драма;2018;890;7.77;2
Кэрри;Брайан Де Пальма;США;драма, триллер, ужасы;1976;891;7.77;1
Человек из стали;Зак Снайдер;США, Канада;боевик, приключения, фантастика, фэнтези;2013;892;7.76;6
Варкрафт;Дункан Джонс;США;боевик, приключения, фантастика, фэнтези;2016;893;7.76;3
"Команда ""А""";Джо Карнахан;США;боевик, приключения, триллер;2010;894;7.76;0
План побега;Микаэль Хофстрем;США;боевик, криминал, триллер;2013;895;7.76;0
Тринадцать друзей Оушена;Стивен Содерберг;США;комедия, криминал, триллер;2007;896;7.76;0
Пила 6;Кевин Гротерт;Канада, США, Великобритания, Австралия;детектив, криминал, триллер, ужасы;2009;897;7.76;2
Перестрелка;Бен Уитли;Франция, Великобритания;боевик, драма, комедия, криминал;2016;898;7.76;0
Кролик Джоджо;Тайка Вайтити;Чехия, Новая Зеландия, США;военный, драма, комедия;2019;899;7.76;0
Манк;Дэвид Финчер;США;биографический, драма, нуар;2020;900;7.76;1
Пик Данте;Роджер Дональдсон;США;боевик, драма, приключения;1997;901;7.76;0
Форсаж 6;Джастин Лин;США;боевик, драма, криминал, триллер;2013;902;7.75;3
Стражи Галактики. Часть 2;Джеймс Ганн;США;боевик, кинокомикс, комедия, приключения, фантастика;2017;903;7.75;1
Рэмбо IV;Сильвестр Сталлоне;США, Германия;боевик, военный, триллер;2008;904;7.75;1
Линкольн;Стивен Спилберг;США, Индия;биографический, военный, драма, исторический;2012;905;7.75;0
Евротур;Джефф Шеффер, Алек Берг, Дэвид Мэндел;США;комедия, приключения;2004;906;7.75;0
Черный клановец;Спайк Ли;США;биографический, драма, комедия, криминал, триллер;2018;907;7.75;0
Армагеддон;Майкл Бэй;США;боевик, мелодрама, триллер, фантастика;1998;908;7.74;0
Двенадцать друзей Оушена;Стивен Содерберг;США;криминал, триллер;2004;909;7.74;0
Маска Зорро;Мартин Кэмпбелл;США;боевик, вестерн, комедия, мелодрама, приключения, триллер;1998;910;7.74;0
Красная жара;Уолтер Хилл;США;боевик, комедия, криминал, триллер;1988;911;7.74;0
Еще по одной;Томас Винтерберг;Дания;драма;2020;912;7.74;0
Опасный метод;Дэвид Кроненберг;Германия, Канада, Франция, Великобритания, Ирландия;биографический, драма, мелодрама, триллер;2011;913;7.74;1
Майор Пэйн;Ник Касл;США;комедия;1995;914;7.74;0
Полицейская академия 2: Их первое задание;Джерри Пэрис;США;комедия, криминал;1985;915;7.74;0
Газонокосильщик;Бретт Леонард;США, Япония, Великобритания;боевик, мелодрама, триллер, ужасы, фантастика;1992;916;7.74;0
Прометей;Ридли Скотт;США;боевик, ужасы, фантастика;2012;917;7.73;9
Третий лишний;Сет МакФарлейн;США;комедия, фэнтези;2012;918;7.73;2
Чужой 3;Дэвид Финчер;США;боевик, триллер, ужасы, фантастика;1992;919;7.73;0
Великий уравнитель;Антуан Фукуа;США;боевик, криминал, триллер;2014;920;7.73;0
Из машины;Алекс Гарленд;США, Великобритания;драма, триллер, фантастика;2014;921;7.73;3
Принц Персии: Пески времени;Майк Ньюэлл;США;боевик, мелодрама, приключения, фэнтези;2010;922;7.72;0
Пипец;Мэттью Вон;США;боевик, драма, кинокомикс, комедия;2010;923;7.72;1
Элизиум: Рай не на Земле;Нил Бломкэмп;США;боевик, триллер, фантастика;2013;924;7.72;4
Агенты А.Н.К.Л.;Гай Ричи;США;боевик, комедия, приключения;2015;925;7.72;2
Парфюмер: История одного убийцы;Том Тыквер;Германия, Франция, Испания;драма, криминал, триллер;2006;926;7.72;0
Возвращение героя;Ким Чжи Ун;США;боевик, триллер;2013;927;7.72;0
Эверест;Бальтасар Кормакур;США, Великобритания;драма, исторический, приключения, триллер;2015;928;7.72;1
Власть огня;Роб Боумен;США, Великобритания, Ирландия;боевик, приключения, триллер, фэнтези;2002;929;7.72;0
Защитник;Боаз Якин;США;боевик, криминал, триллер;2012;930;7.72;1
Рокки 3;Сильвестр Сталлоне;США;драма, спорт;1982;931;7.72;0
Предел риска;Джей Си Чендор;США;драма, триллер;2011;932;7.72;1
Другой мир 2: Эволюция;Лен Уайзман;США;боевик, триллер, ужасы, фэнтези;2006;933;7.71;0
Остров;Майкл Бэй;США;боевик, триллер, фантастика;2005;934;7.71;1
РЭД 2;Дин Паризо;США;боевик, кинокомикс, комедия, криминал, триллер;2013;935;7.71;1
Красные огни;Родриго Кортес;США, Испания;детектив, драма, триллер, ужасы, фэнтези;2012;936;7.71;0
Уцелевший;Питер Берг;США;биографический, боевик, военный, драма;2013;937;7.71;1
Гнев человеческий;Гай Ричи;Великобритания, США;боевик, триллер;2021;938;7.71;0
Чикаго;Роб Маршалл;США, Германия, Канада;драма, криминал, мюзикл;2002;939;7.71;1
Мисс Конгениальность;Дональд Питри;США, Австралия;детектив, комедия, криминал;2000;940;7.71;0
Крокодил Данди;Питер Фэймен;Австралия;комедия, приключения;1986;941;7.71;0
Убийца 2. Против всех;Стефано Соллима;Италия, США;боевик, драма, криминал, триллер;2018;942;7.71;0
В августе 44-го;Михаил Пташук;Россия;боевик, военный, детектив, драма, триллер;2001;943;7.71;0
Скотт Пилигрим против всех;Эдгар Райт, ;США;боевик, кинокомикс, комедия, мелодрама, приключения, фэнтези;2010;944;7.7;0
"Код доступа ""Кейптаун""";Дэниэл Эспиноза;США, ЮАР;боевик, триллер;2012;945;7.7;0
Призрак;Роман Полански;Германия, Франция, Великобритания;детектив, драма, триллер;2010;946;7.7;0
Транс;Дэнни Бойл;Великобритания, Франция, США;детектив, драма, криминал, триллер;2013;947;7.7;2
Анна Каренина;Джо Райт;Великобритания;драма, мелодрама;2012;948;7.7;2
Ворон;Джеймс МакТиг;США, Испания, Венгрия;детектив, триллер;2012;949;7.7;0
Маяк;Роберт Эггерс;Канада, США;драма, ужасы, фэнтези;2019;950;7.7;0
Сотовый;Дэвид Р. Эллис;США, Германия;боевик, криминал, триллер;2004;951;7.7;0
Джонни Мнемоник;Роберт Лонго;США, Канада;боевик, триллер, фантастика;1995;952;7.7;0
Поддубный;Глеб Орлов;Россия;биографический, драма, исторический, спорт;2014;953;7.7;0
Призрак и тьма;Стивен Хопкинс;США;боевик, драма, приключения, триллер, ужасы;1996;954;7.7;0
Закатать в асфальт;С. Крэйг Залер;Канада;боевик, детектив, драма, криминал, триллер;2018;955;7.7;0
Одним меньше;Нильс Арден Оплев;США;боевик, криминал, триллер;2013;956;7.7;0
Помни меня;Аллен Култер;США;драма, мелодрама;2010;957;7.69;0
Хищник 2;Стивен Хопкинс;США;боевик, криминал, приключения, триллер, ужасы, фантастика;1990;958;7.69;1
Пол: Секретный материальчик;Грег Моттола;Франция, Великобритания;комедия, приключения, фантастика;2011;959;7.69;0
Каратэ-пацан;Харольд Цварт;США;боевик, драма, семейный, спорт;2010;960;7.69;0
Совокупность лжи;Ридли Скотт;США;боевик, драма, триллер;2008;961;7.69;0
Стиратель;Чак Рассел;США;боевик, детектив, драма, триллер;1996;962;7.69;0
Напряги извилины;Питер Сигал;США;боевик, комедия, приключения;2008;963;7.69;0
Побег из Нью-Йорка;Джон Карпентер;США, Великобритания;боевик, криминал, приключения, триллер, фантастика;1981;964;7.69;0
Джобс: Империя соблазна;Джошуа Майкл Штерн;США;биографический, драма;2013;965;7.69;0
Тор;Кеннет Брана;США;боевик, драма, кинокомикс, приключения, фэнтези;2011;966;7.68;2
Мстители 2: Эра Альтрона;Джосс Уидон;США;боевик, кинокомикс, приключения, фантастика;2015;967;7.68;4
Мальчишник 2: Из Вегаса в Бангкок;Тодд Филлипс;США;комедия;2011;968;7.68;0
Судья Дредд;Пит Трэвис;Великобритания, США, Индия, ЮАР;боевик, кинокомикс, фантастика;2012;969;7.68;1
Двойной форсаж;Джон Синглтон;США, Германия;боевик, драма, криминал, триллер;2003;970;7.68;0
Расплата;Гэвин О`Коннор;США;боевик, драма, криминал, триллер;2016;971;7.68;0
Вики Кристина Барселона;Вуди Аллен;США, Испания;драма, комедия, мелодрама;2008;972;7.68;0
Роковое число 23;Джоэл Шумахер;США;детектив, драма, триллер;2007;973;7.68;0
Время;Эндрю Никкол;США;боевик, триллер, фантастика;2011;974;7.67;2
Снайпер;Клинт Иствуд;США;биографический, боевик, военный, драма;2014;975;7.67;2
После прочтения cжечь;Итан Коэн, Джоэл Коэн;США, Франция, Великобритания;драма, комедия, криминал;2008;976;7.67;0
Царь;Павел Лунгин;Россия;драма, исторический;2009;977;7.67;0
Человек-муравей;Пейтон Рид;США, Великобритания;боевик, кинокомикс, фантастика;2015;978;7.66;2
Три икса;Роб Коэн;США;боевик, приключения, триллер;2002;979;7.66;1
Пила 5;Дэвид Хэкл;США;боевик, детектив, криминал, триллер, ужасы;2008;980;7.66;0
Парк Юрского периода 2: Затерянный мир;Стивен Спилберг;США;боевик, приключения, триллер, фантастика;1997;981;7.65;0
Фредди против Джейсона;Ронни Ю;США, Италия;боевик, приключения, триллер, ужасы, фэнтези;2003;982;7.65;1
Короли улиц;Дэвид Эйер;США;драма, криминал, триллер;2008;983;7.65;0
Эвакуация;Сэм Харгрейв;США;боевик, драма;2020;984;7.65;0
Кошмар на улице Вязов 3: Воины сна;Чак Рассел;США;триллер, ужасы, фэнтези;1987;985;7.65;0
Такси 3;Жерар Кравчик;Франция;боевик, комедия, криминал;2003;986;7.64;0
Шпион;Пол Фейг;США;боевик, комедия;2015;987;7.64;0
Очень страшное кино 2;Кинен Айвори Уайанс;США, Канада;комедия;2001;988;7.64;0
"Пароль ""Рыба-меч""";Доминик Сена;США, Австралия;боевик, криминал, триллер;2001;989;7.64;0
Сделано в Америке;Даг Лайман;США;биографический, боевик, драма, исторический, комедия, криминал, триллер;2017;990;7.64;0
Код да Винчи;Рон Ховард;США;триллер;2006;991;7.63;1
Брестская крепость;Александр Котт;Россия, Беларусь;военный, драма, исторический;2010;992;7.63;0
Голая правда;Роберт Лукетич;США;комедия, мелодрама;2009;993;7.63;0
Однажды в Ирландии;Джон Майкл МакДона;Ирландия;комедия, криминал, триллер;2011;994;7.63;0
Иллюзия полета;Роберт Швентке;США;боевик, детектив, триллер;2005;995;7.63;0
Мамы;Дмитрий Дюжев, Карен Оганесян, Эльдар Салаватов, Сарик Андреасян, Тихон Корнев;Россия;комедия, мелодрама;2012;996;7.63;1
Секс по дружбе;Уилл Глак;США;драма, комедия, мелодрама;2011;997;7.62;0
Робот по имени Чаппи;Нил Бломкэмп;США, Мексика;комедия, фантастика;2015;998;7.62;1
13-й район;Пьер Морель;Франция;боевик, криминал, фантастика;2004;999;7.62;0
Пекло;Дэнни Бойл;США, Великобритания;приключения, триллер, фантастика;2007;1000;7.62;0
